formula,energy,abs
Ba1Pt1,0,0
B2Ru3Tb1,0.01667,0.00568
Au2In1U1,0.03333,0.02311
Ca3Co4Sn13,0.05,0.05334
Al1Pt1,0.06667,0.098
Mo3N1Pt2,0.08333,0.15878
Ag2Er1In1,0.1,0.23643
Al1Li1Si1,0.11667,0.32921
Ag1S3Ta1,0.13333,0.43141
Al16Pt7Zr6,0.15,0.53374
Al1Au1Er1,0.16667,0.62671
Ca1Si2,0.18333,0.7055
F4Pd1Sr1,0.2,0.77277
C1Pb1Ti2,0.21667,0.83762
La3O7Ta1,0.23333,0.91237
B4Rh4Tb1,0.25,1.00952
C1Ga1Ta2,0.26667,1.14001
Ga1Ho1O3,0.28333,1.31225
Al3C3Sc1,0.3,1.53065
Ru3Zr1,0.31667,1.79307
Dy2Se3,0.33333,2.08818
Ir2Lu1,0.35,2.39481
Be2C1,0.36667,2.68467
Al2Ho3,0.38333,2.92734
Dy1Ge1,0.4,3.09663
P1Ru1Zr1,0.41667,3.1774
As12Os4Th1,0.43333,3.1692
Eu1O3Ti1,0.45,3.08364
Al2Y1,0.46667,2.93836
Er3P6Pd20,0.48333,2.75213
I1Rb1,0.5,2.54245
C1Zr1,0.51667,2.32448
B4Fe1,0.53333,2.11022
Cl5Cs1Pb2,0.55,1.9081
Ba1Pt2,0.56667,1.72292
Ca1F6Sn1,0.58333,1.55641
P1Pt5Tl1,0.6,1.40779
Cu1Ti3,0.61667,1.27451
C1Nb1,0.63333,1.15377
B1Li2Pd3,0.65,1.04386
Ba1F4Pd1,0.66667,0.94435
Er2In1Ni2,0.68333,0.85536
Ga3Hf3Nb2,0.7,0.77669
Ca2Ge2Ni3,0.71667,0.7077
Ag1In2Na3,0.73333,0.64739
S1Zn1,0.75,0.59465
Ni1Zn1,0.76667,0.5484
As1Ti3,0.78333,0.50767
O3Tb2,0.8,0.47165
N1Nb3Zn3,0.81667,0.43963
Al3Zr4,0.83333,0.41102
O1Sr1,0.85,0.38535
Cd1N1,0.86667,0.36221
B4H16Hf1,0.88333,0.34127
K1Sb1Zn1,0.9,0.32224
Be13U1,0.91667,0.30488
Pt1Se1Si1,0.93333,0.28901
B2C2Er1,0.95,0.27444
Mg1Sc1,0.96667,0.26103
Ge2Ir2Th1,0.98333,0.24865
Mn2Si2Y1,1,0.23719
Sn2Tb1,1.01667,0.22657
In1Ni2Ti1,1.03333,0.2167
Na1Nb1S2,1.05,0.2075
O7P2Ti1,1.06667,0.19891
Ag1Er1Se2,1.08333,0.19088
Ru2Si2Th1,1.1,0.18336
Ge1Ir1Y1,1.11667,0.17631
Al1Cu2Zr1,1.13333,0.16967
Ge3La1Rh1,1.15,0.16343
Ag1Al1O2,1.16667,0.15755
Mn1Pd2Sn1,1.18333,0.15199
Pt9Sc5Si7,1.2,0.14675
Cu1Dy1Si1,1.21667,0.14178
Ge1Ru1Tb1,1.23333,0.13708
F1Ho1S1,1.25,0.13261
Ho1Te2,1.26667,0.12838
In1Pt2Tb1,1.28333,0.12435
Rh5Tb1,1.3,0.12052
Mn1Pd1Te1,1.31667,0.11688
Al1Rh1,1.33333,0.1134
Ba1Ce1N2,1.35,0.11008
Ga1In1Te2,1.36667,0.10692
As1Pu1,1.38333,0.10389
C1,1.4,0.101
B2Mo2Ru1,1.41667,0.09823
Al2Fe3Si4,1.43333,0.09558
Ba1Te2,1.45,0.09304
Dy3Ge4,1.46667,0.0906
Ni1Sc6Te2,1.48333,0.08826
Ru2Sc1,1.5,0.08601
Ge2Th3,1.51667,0.08386
Ba1Ce1O3,1.53333,0.08178
Ba1Si2,1.55,0.07979
In1Rb1Te2,1.56667,0.07786
As1Nb1,1.58333,0.07601
Ge1Nb1Rh1,1.6,0.07423
B2Nb1Ni1,1.61667,0.07251
P1V1,1.63333,0.07086
Ho1Rh1Sn1,1.65,0.06926
C1Nb4Rh2,1.66667,0.06771
Dy1Ni2Si2,1.68333,0.06622
Cu2Ho1In1,1.7,0.06478
Bi1Dy1,1.71667,0.06339
F3Na1V1,1.73333,0.06204
Cl1Na1O3,1.75,0.06074
Cs3O3Sb1,1.76667,0.05948
Ho1Ni2Si2,1.78333,0.05825
Al6Mn1,1.8,0.05707
Pt2Si1,1.81667,0.05592
As2Ba1Cu2,1.83333,0.05481
Ca1Mg1Si1,1.85,0.05374
In1Na5O4,1.86667,0.05269
In1Te1,1.88333,0.05168
Dy1Ga3Ru1,1.9,0.05069
Ge13Ru4Y3,1.91667,0.04974
S4Tl3V1,1.93333,0.04881
Ge1Os1Sc1,1.95,0.0479
Sn1,1.96667,0.04703
Ge1Pt1Zr1,1.98333,0.04618
Bi1Nb3,2,0.04535
In1Ni1,2.01667,0.04454
Bi1Pd1Se1,2.03333,0.04376
Dy1In1Rh1,2.05,0.04299
C2La1,2.06667,0.04225
Ag1Zr1,2.08333,0.04153
B2Zr1,2.1,0.04082
Au1Ge4Rb3,2.11667,0.04013
F2V1,2.13333,0.03947
H2Y1,2.15,0.03881
Cu2O3Sr1,2.16667,0.03818
Er1Os2Si2,2.18333,0.03756
O6Se2Sn1,2.2,0.03695
As1Mg1Na1,2.21667,0.03636
Ce1Co1Si2,2.23333,0.03579
K1Nb1S2,2.25,0.03523
Mg1Si1Sr1,2.26667,0.03468
Dy1Rh1,2.28333,0.03414
Pt1Sb2Zr6,2.3,0.03362
Hf1Re2,2.31667,0.03311
As1F6Na1,2.33333,0.03261
Al3Ir1,2.35,0.03212
Pt2Si2Th1,2.36667,0.03164
Pd1Sr1,2.38333,0.03118
Ga7Ni3,2.4,0.03072
La1N1,2.41667,0.03028
Ir1Mn3Si1,2.43333,0.02984
Ir2Th1,2.45,0.02942
Pd1Th1,2.46667,0.029
O2Re1,2.48333,0.02859
B7Mo3Y1,2.5,0.02819
Ag2Ca1Ge2,2.51667,0.0278
In2Rh1Yb1,2.53333,0.02742
Ag1Al1S2,2.55,0.02704
Ge13Lu3Rh4,2.56667,0.02668
O7Ru2Y2,2.58333,0.02632
B1Co1W1,2.6,0.02596
In1Li2Pt1,2.61667,0.02562
Au1Cu3,2.63333,0.02528
Pt1Sn1Sr1,2.65,0.02495
Os2Tb1,2.66667,0.02463
Ba1O3Pr1,2.68333,0.02431
Er1Mg2,2.7,0.02399
As2Ni1,2.71667,0.02369
H3Pd1Yb1,2.73333,0.02339
Cu1Sn1Y1,2.75,0.02309
F6K2Ni1,2.76667,0.0228
O7V2Y2,2.78333,0.02252
C1Ge1Ni3,2.8,0.02224
Al1O2Rb1,2.81667,0.02197
Co1Si1V1,2.83333,0.0217
Ca3N2,2.85,0.02144
K2O1,2.86667,0.02118
B2Hf3Ir5,2.88333,0.02093
Se1Tl1,2.9,0.02068
Ho1In1Pd1,2.91667,0.02043
Co1O6Pt3,2.93333,0.02019
In1Te2Tl1,2.95,0.01996
Sn1Y1Zn1,2.96667,0.01973
Fe2In1Ti1,2.98333,0.0195
Br1Li3O1,3,0.01928
Cu1Na1Se1,3.01667,0.01906
In1Pt2Sc1,3.03333,0.01884
In1Pd2Tb2,3.05,0.01863
Si1Sr1Zn1,3.06667,0.01842
Nb3Si2,3.08333,0.01821
As2K2Ni1,3.1,0.01801
Pu1Ru1,3.11667,0.01781
K1,3.13333,0.01762
Hf1N2,3.15,0.01743
C2Os1,3.16667,0.01724
Fe1Hf4P1,3.18333,0.01705
Ag1Al1Se2,3.2,0.01687
Al1Mn1Ni2,3.21667,0.01669
Cr3N1Pt1,3.23333,0.01651
Ho1Os2,3.25,0.01634
As2O6Sr1,3.26667,0.01617
Ba1Ga2,3.28333,0.016
Mg1Pt1Sb1,3.3,0.01583
Re2Sc1,3.31667,0.01567
Ge1O2,3.33333,0.01551
Ge3La2Li2,3.35,0.01535
Au1Ga2,3.36667,0.0152
P1U1,3.38333,0.01504
Cl6Te1Tl2,3.4,0.01489
K1Nb1O3,3.41667,0.01474
Pd1Sb1Tb1,3.43333,0.0146
O4Pd3Sr1,3.45,0.01445
As1Ga1,3.46667,0.01431
Sb1,3.48333,0.01417
Pt1Sb1Se1,3.5,0.01403
Ca1O2,3.51667,0.01389
Ru4Sb12Sr1,3.53333,0.01376
Fe1Sb1V1,3.55,0.01363
Bi1,3.56667,0.0135
Cu1Pt7,3.58333,0.01337
O2S1Sc2,3.6,0.01324
C1N2,3.61667,0.01312
Os2Si2U1,3.63333,0.013
Cs1H1,3.65,0.01287
Bi1Cu1Mg1,3.66667,0.01276
B6Y1,3.68333,0.01264
Er3Ge13Ir4,3.7,0.01252
Ag1C1,3.71667,0.01241
Ni2Si2Th1,3.73333,0.01229
Li3N1,3.75,0.01218
Al2Ho1,3.76667,0.01207
Er1Tl3,3.78333,0.01196
Be1Hf1Si1,3.8,0.01186
Pt3Zr1,3.81667,0.01175
S2Ta1,3.83333,0.01165
Cd1Dy2Se4,3.85,0.01154
Dy1Tl1,3.86667,0.01144
Co1P1Ta4,3.88333,0.01134
C60Rb6,3.9,0.01124
Al3Ni2Th1,3.91667,0.01115
Dy3Os1,3.93333,0.01105
C1Ge1,3.95,0.01096
C1W2,3.96667,0.01086
La1Rh1Si2,3.98333,0.01077
Al1Pd1Tb1,4,0.01068
C1Er5Ge3,4.01667,0.01059
O7Pt2Sb2,4.03333,0.0105
C6Cr3W20,4.05,0.01041
Ho1Os2Si2,4.06667,0.01032
Dy1In1Ni1,4.08333,0.01024
Sn1Te3Tl4,4.1,0.01015
Zn1Zr1,4.11667,0.01007
Ir1O2,4.13333,0.00999
C1Mg1N2,4.15,0.00991
Er1Ge1,4.16667,0.00983
Hf1Pd1Sn1,4.18333,0.00975
Ga1Hf1Rh1,4.2,0.00967
Ag2Ho1,4.21667,0.00959
C1Tl1Zr2,4.23333,0.00951
Al9Ba1Co2,4.25,0.00944
Ge1Mg1O3,4.26667,0.00936
Mo1N1,4.28333,0.00929
Sb3Y4,4.3,0.00922
Cl1Na3O1,4.31667,0.00914
Cu6Ga5Mg2,4.33333,0.00907
B2Nb3,4.35,0.009
Cl6K2Pt1,4.36667,0.00893
Au1In1Li2,4.38333,0.00886
Pt3Zn1,4.4,0.0088
B1Nb1O4,4.41667,0.00873
Ca3Hg2,4.43333,0.00866
Ni1P1Ta4,4.45,0.0086
Rh1Sc1,4.46667,0.00853
B2Mo1,4.48333,0.00847
I1Li1,4.5,0.0084
Au1Sn1Y1,4.51667,0.00834
F3Pb1Rb1,4.53333,0.00828
F6Hf1V1,4.55,0.00822
Cd1Ni4Sc1,4.56667,0.00816
Er1Ga2Pd1,4.58333,0.0081
Cd1Dy1Ga1,4.6,0.00804
Ru1Th1,4.61667,0.00798
B1W1,4.63333,0.00792
As1Na3S3,4.65,0.00786
Os1Si3Th1,4.66667,0.0078
As1La1,4.68333,0.00775
Al1Dy1Ni1,4.7,0.00769
As2O3,4.71667,0.00764
Re2Zr1,4.73333,0.00758
Ge1Rh1Sc1,4.75,0.00753
In3Rh2Ti3,4.76667,0.00748
C1Er3Ga1,4.78333,0.00742
Bi1Mg1Ni1,4.8,0.00737
N1Ni2Ta4,4.81667,0.00732
Mn1Ni1P1,4.83333,0.00727
In1Pd3,4.85,0.00722
Ni1Pd1Te1,4.86667,0.00717
Er1Ga1,4.88333,0.00712
Ba1Mo3Te3,4.9,0.00707
Ag1Ti2,4.91667,0.00702
Hf1Tc1,4.93333,0.00697
Au2Mn1,4.95,0.00693
Ga2La1,4.96667,0.00688
Ge1Hf1V1,4.98333,0.00683
Bi1Th1,5,0.00679
F2Ti1,0,0
La1Se1,0.01667,0.00511
Ca2Sn1,0.03333,0.02063
Mn1Ni1Si1,0.05,0.04706
Ge1Rh1Tb1,0.06667,0.0849
K2Te3,0.08333,0.13404
Co1Sc1,0.1,0.19303
Ru2Tb5,0.11667,0.25865
Ag1Er1Sn1,0.13333,0.3268
As1Ca3Cl3,0.15,0.39468
P1,0.16667,0.46264
Li1Mg1P1,0.18333,0.53412
N3Tl1,0.2,0.61406
Sc5Si3,0.21667,0.70709
Ca1Hg1Sn1,0.23333,0.8164
H2La1,0.25,0.94394
Pb1Pd2Y2,0.26667,1.09148
Ca1Cu1F4,0.28333,1.26179
Cu2Te2Tl1,0.3,1.45855
Ir1Sb3,0.31667,1.68407
Be4N4Sr2,0.33333,1.93539
Ba1Cu1Sb1,0.35,2.20063
Au1O1Rb3,0.36667,2.45712
Al2Li1Rh1,0.38333,2.67441
N4W3,0.4,2.82345
Cu1Mn3N1,0.41667,2.8873
C1Ge1V2,0.43333,2.86524
F4Mg1Rb2,0.45,2.7687
Cl6Cs2Sn1,0.46667,2.61459
S3Sc1Y1,0.48333,2.42084
Hf2Hg1,0.5,2.20448
Al1Ge1Li1,0.51667,1.981
P1Zr1,0.53333,1.76347
Ho3Sn7,0.55,1.56149
Ca1F3K1,0.56667,1.38051
Ba1Pd1,0.58333,1.22227
B6Hf2Ni21,0.6,1.08592
Cd1Dy1,0.61667,0.96926
Al2Pb1S4,0.63333,0.86961
Ca1O3Ru1,0.65,0.78434
Br1Tl1,0.66667,0.71108
Ga0.4N0.2V0.6,0.68333,0.64782
Pd1Ti1,0.7,0.59292
Cu3Nb1S4,0.71667,0.54498
Cs1Na2,0.73333,0.5029
Mg1Te1,0.75,0.46575
N1Tb1,0.76667,0.4328
Al1Cu1O2,0.78333,0.40342
Al2B1Re3,0.8,0.37711
H2V1,0.81667,0.35345
P1Sc3,0.83333,0.33208
Al1Sn3Zr5,0.85,0.31272
B4Th1W1,0.86667,0.2951
N2O1,0.88333,0.27902
K1O3Sb1,0.9,0.26431
Au1S2V1,0.91667,0.25079
P1Tb1,0.93333,0.23836
Ag9In4,0.95,0.22688
La1Mg1,0.96667,0.21626
Pt1Sn1Tb1,0.98333,0.20641
Si3Zr5,1,0.19726
B2Gd1,1.01667,0.18874
P1Ti1,1.03333,0.18079
Al1Er1Ni1,1.05,0.17336
Ir1V1,1.06667,0.16641
Cr2Ti1,1.08333,0.15988
Au1Mn1Sb1,1.1,0.15376
Ce4Rh12Si1,1.11667,0.148
Er1Rh2Si2,1.13333,0.14257
Ge1Rh1Zr1,1.15,0.13745
Ge1O8Zr3,1.16667,0.13262
Ce1Ge1Ir1,1.18333,0.12805
C1Co2Mo4,1.2,0.12372
Au1Ni4Tb1,1.21667,0.11962
Hg3Yb1,1.23333,0.11573
Co2O7Sb2,1.25,0.11203
In1Pt4Tb1,1.26667,0.10852
Al2N1Nb3,1.28333,0.10517
B4Rh4Th1,1.3,0.10199
Ho1Pd3,1.31667,0.09895
Ni1Zr2,1.33333,0.09606
S2Sc1Tl1,1.35,0.09329
Pd1Sb2U1,1.36667,0.09065
C1Sn1,1.38333,0.08812
Li1N1Zn1,1.4,0.0857
Mg1O1,1.41667,0.08338
Co4Ge13Yb3,1.43333,0.08116
As1Ru1Zr1,1.45,0.07903
Ca1Pb1Zn1,1.46667,0.07698
Tc1V1,1.48333,0.07502
Ag1In5Te8,1.5,0.07313
Al1Cu2Ti1,1.51667,0.07132
H3Mg1Ni1,1.53333,0.06957
Er1Rh1,1.55,0.06789
Cu2In1Mn1,1.56667,0.06627
Al1Ca1Si1,1.58333,0.06472
Ag1Dy1Mg1,1.6,0.06321
C1W1,1.61667,0.06176
Ge2La1Pd1,1.63333,0.06036
C1S1Zr2,1.65,0.05901
Ru1Ti1,1.66667,0.05771
Nb2O6Zn1,1.68333,0.05645
Cd3P2,1.7,0.05523
K1Na2Sb1,1.71667,0.05405
La1Tl1Zn1,1.73333,0.05291
Mo1Pt3,1.75,0.05181
C1Lu1Rh3,1.76667,0.05074
As1Ca3N1,1.78333,0.04971
Os1Ti1,1.8,0.04871
Fe1Nb4P1,1.81667,0.04774
Ag1Hf2,1.83333,0.04679
Mg1Pd3,1.85,0.04588
Hf2Rh1,1.86667,0.04499
Ca1Si2Zn2,1.88333,0.04413
Re2Tb1,1.9,0.0433
Fe1Ga2Hf6,1.91667,0.04249
In2Mg1S4,1.93333,0.0417
La1Rh1Si1,1.95,0.04093
In24S32,1.96667,0.04019
N1Os1,1.98333,0.03946
Rh2Si2Y1,2,0.03876
Na2Ni1O2,2.01667,0.03807
As1Cd1K1,2.03333,0.03741
P2Pt1,2.05,0.03676
H2Sr1,2.06667,0.03613
Si1Ta2,2.08333,0.03551
Ir1Nb1Si1,2.1,0.03491
As1Pa1,2.11667,0.03433
Ca1O3Si1,2.13333,0.03376
Ge1Pd2Y1,2.15,0.0332
C7V8,2.16667,0.03266
Au1Ca1,2.18333,0.03213
Er1Ir1,2.2,0.03162
Al4Ce1Ni1,2.21667,0.03112
Ca2I1N1,2.23333,0.03063
Ba4Bi3,2.25,0.03015
Co2Mn1Sn1,2.26667,0.02968
Ir1P3,2.28333,0.02922
O2Pa1,2.3,0.02878
Li1Ru1Sn4,2.31667,0.02834
Be13Sc1,2.33333,0.02792
Si2W1,2.35,0.0275
Be2Re1,2.36667,0.02709
Ce1O2,2.38333,0.0267
In1S3Sb1,2.4,0.02631
Ag1Ca1P1,2.41667,0.02593
Ir3W1,2.43333,0.02556
F6Sn2,2.45,0.02519
Co1Dy1Ge1,2.46667,0.02484
I6Rb2Te1,2.48333,0.02449
Be1Ta2,2.5,0.02415
Al4In3Sr11,2.51667,0.02381
H2Mg1,2.53333,0.02349
Pb2Pt1,2.55,0.02317
Cu1Sb2Ti5,2.56667,0.02285
N2Os1,2.58333,0.02255
La1Mg1Tl1,2.6,0.02225
Ir2Si1,2.61667,0.02195
Nb3Si1,2.63333,0.02166
B1In1Sc3,2.65,0.02138
Al4Ni3,2.66667,0.0211
In1Li1Te2,2.68333,0.02083
Au1Ho1Pb1,2.7,0.02056
Ru1Sb1Ti1,2.71667,0.0203
B1Mo1,2.73333,0.02005
C2Na2,2.75,0.01979
Au1La1,2.76667,0.01955
Ge2La1Ru2,2.78333,0.0193
Mg1Ni2Sn1,2.8,0.01907
Al2Th3,2.81667,0.01883
Ge1Ni2Zn3,2.83333,0.0186
K3Sb1Te3,2.85,0.01838
Pt3Sn1,2.86667,0.01816
Au1O2Y1,2.88333,0.01794
Al1Bi1O3,2.9,0.01773
Sb1Y1Zr1,2.91667,0.01752
Rh1Sn2,2.93333,0.01731
Pt3Tb1,2.95,0.01711
Au1Ba1,2.96667,0.01691
As1Ba1Pt1,2.98333,0.01672
Ca1Pb1,3,0.01653
F1Rb1,3.01667,0.01634
B12Hf1,3.03333,0.01616
Ni1S1Sb1,3.05,0.01597
Au1Zr2,3.06667,0.0158
Sc1Se1,3.08333,0.01562
Nb1Pt1Si1,3.1,0.01545
Al2Zr1,3.11667,0.01528
Ho1Pt1Sn1,3.13333,0.01511
Ir3Mo1,3.15,0.01495
As1Ti1,3.16667,0.01479
Dy4Sb3,3.18333,0.01463
S4Zr3,3.2,0.01447
As3Co1,3.21667,0.01432
Er1Pd1Sn1,3.23333,0.01416
O1Ti3,3.25,0.01402
Cu3Se4Ta1,3.26667,0.01387
Sb1Th1,3.28333,0.01372
Au1Rb1,3.3,0.01358
S4Y2Zn1,3.31667,0.01344
Ga3Hf1,3.33333,0.01331
Cd1La1,3.35,0.01317
Dy2O7Ru2,3.36667,0.01304
Os4Sb12Sr1,3.38333,0.01291
B12Yb1,3.4,0.01278
La1Tl1,3.41667,0.01265
Fe4O11Sr4,3.43333,0.01252
Er1Ga1Ir1,3.45,0.0124
In1La1Rh1,3.46667,0.01228
N2Sr1Ti1,3.48333,0.01216
Al3C3Ho1,3.5,0.01204
Ge3Pu1,3.51667,0.01192
N3Rb1,3.53333,0.01181
Au1F4K1,3.55,0.01169
Er1Os2,3.56667,0.01158
B4Cr1,3.58333,0.01147
Mn1Pt1Sn1,3.6,0.01136
Cu1Mg1Sb1,3.61667,0.01126
C1Ga1Sc2,3.63333,0.01115
Fe2Re3,3.65,0.01105
Al2Hg1S4,3.66667,0.01095
Tc1Ti1,3.68333,0.01085
As1B2P1,3.7,0.01075
F3Mg1Na1,3.71667,0.01065
Bi1Ca2,3.73333,0.01055
Er1Ga1Pd1,3.75,0.01046
Co1Mo1P1,3.76667,0.01036
Al2Sc1,3.78333,0.01027
Al2La5Ru3,3.8,0.01018
Ga1N1,3.81667,0.01009
Li1Pd2Tl1,3.83333,0.01
In1N1,3.85,0.00991
Al2Hg1Te4,3.86667,0.00982
Ag2Ge1Li1,3.88333,0.00974
Fe1V3,3.9,0.00965
Al8Fe4Y1,3.91667,0.00957
O7Sn2Y2,3.93333,0.00949
O3Sn1Ti1,3.95,0.0094
Ge2Pt2Th1,3.96667,0.00932
Cs1N2Nb1,3.98333,0.00924
La3Pb13Rh4,4,0.00917
As1Li1Mg1,4.01667,0.00909
Ca5In2Sb6,4.03333,0.00901
Ag1Te2Y1,4.05,0.00894
N2Re1,4.06667,0.00886
Co1Er1Si2,4.08333,0.00879
F1S1Y1,4.1,0.00872
Ge2Th1,4.11667,0.00864
O2Tb2Te1,4.13333,0.00857
Al1La1O3,4.15,0.0085
Cd1Hf1,4.16667,0.00844
Rh2Sr1,4.18333,0.00837
Al1Er1Zn1,4.2,0.0083
Ba1Cd1,4.21667,0.00823
C1Dy3In1,4.23333,0.00817
As2Zr3,4.25,0.0081
As1Dy1O4,4.26667,0.00804
Cu1Ga1Pt2,4.28333,0.00797
Ho1Mg2,4.3,0.00791
Ba1,4.31667,0.00785
O2Ti1,4.33333,0.00779
Hf1La3Sb5,4.35,0.00773
O3Sn1Sr1,4.36667,0.00767
S1Sn1,4.38333,0.00761
As3Ir1,4.4,0.00755
Al1Ge1Sr1,4.41667,0.00749
Al1C1Er3,4.43333,0.00744
Ag1La1Mg1,4.45,0.00738
Ni2Sn1Zr1,4.46667,0.00732
Cu1Se2,4.48333,0.00727
Pa1Sb2,4.5,0.00721
Al2Y3,4.51667,0.00716
C2Co1Th1,4.53333,0.00711
C1Er1Rh3,4.55,0.00705
Ga1P1,4.56667,0.007
Rb2Te1,4.58333,0.00695
O1Pd1,4.6,0.0069
Hf5Sn3,4.61667,0.00685
B1Sc3Sn1,4.63333,0.0068
Dy1Ir2Si2,4.65,0.00675
Rb1Sb1,4.66667,0.0067
Ga3Pt2,4.68333,0.00665
N1Th1,4.7,0.00661
Al1Co2Nb1,4.71667,0.00656
Ge6Ho4Rh7,4.73333,0.00651
Br4K2Pt1,4.75,0.00647
Ba1Cu2Se2,4.76667,0.00642
Ni1Si1,4.78333,0.00637
Cu1La1Si1,4.8,0.00633
Nb2O7Sn2,4.81667,0.00629
Be3N2,4.83333,0.00624
Cu1Li2Sb1,4.85,0.0062
Bi1Li3,4.86667,0.00616
Cd13K1,4.88333,0.00611
H1In1O2,4.9,0.00607
Ag1Er1Si1,4.91667,0.00603
Ni2P2Tb1,4.93333,0.00599
Cd1Er2Ge2,4.95,0.00595
Er1Tl1Zn1,4.96667,0.00591
In1Y2,4.98333,0.00587
Cu4Ni1Yb1,5,0.00583
C1Li2O3,0,0
Al2La1,0.01667,0.00455
Pb3Tb1,0.03333,0.01811
Er1Te2,0.05,0.04039
N1Ru2Zr4,0.06667,0.07098
Cr1O2,0.08333,0.1096
Au1Sn1,0.1,0.15654
B1Ti1,0.11667,0.21268
F3Rb1V1,0.13333,0.27905
Eu1Se1,0.15,0.35615
Al2Zr3,0.16667,0.44359
Cd1Cu4Yb1,0.18333,0.54036
Ni2Sc3Si3,0.2,0.64524
Cd1Na2Pb1,0.21667,0.757
C1Mn3Zn1,0.23333,0.87551
Er1In1Zn1,0.25,1.00409
Cd3Zr1,0.26667,1.15086
Ba1Sn1Zn1,0.28333,1.32718
Ca1Mn1O2.98,0.3,1.54322
Ag3P1S4,0.31667,1.80294
Ru1S2,0.33333,2.09954
Au1Ga1Zr1,0.35,2.41279
Mg1S1,0.36667,2.71077
Pb0.33S2Ta1,0.38333,2.95725
Hf2Pd1,0.4,3.12299
Cl6Cs2Se1,0.41667,3.19414
Ca5H1Sn3,0.43333,3.17348
Al1Au1O2,0.45,3.0748
Ge1Mn2O4,0.46667,2.91628
B2Ir1V2,0.48333,2.71603
Mn1N3Sr3,0.5,2.49063
Pt1S1,0.51667,2.25496
Au7I1P10,0.53333,2.02204
C1Sc1,0.55,1.80227
La1Mg1Pd1,0.56667,1.60247
Ca1Ge1N2,0.58333,1.42554
B2Ho1Ru3,0.6,1.27115
Ru1Sb1V1,0.61667,1.13711
O2Rb2,0.63333,1.02078
Ga1Hf1Pt1,0.65,0.91973
C1Pt1,0.66667,0.83199
Ge1I3Rb1,0.68333,0.75578
Os1Se2,0.7,0.68952
Dy1Pd1Tl1,0.71667,0.63175
Ga2Os1,0.73333,0.58119
Ho1Ir2,0.75,0.53673
Ca3Ga5,0.76667,0.49747
Sb1Zr1,0.78333,0.46261
O7P2Th1,0.8,0.43153
Cl4Th1,0.81667,0.40367
Cu3S4V1,0.83333,0.37861
B2C2La1,0.85,0.35597
In2S4Zn1,0.86667,0.33543
Al1Ta2,0.88333,0.31674
Ho3In1N1,0.9,0.29968
B2Pd5,0.91667,0.28405
Tc2Zr1,0.93333,0.26969
Ge1Mn1Pd2,0.95,0.25646
Hg2Th1,0.96667,0.24425
Ca1In2P2,0.98333,0.23294
Au1In1Tb1,1,0.22245
Te1Yb1,1.01667,0.2127
As1V3,1.03333,0.20361
B2Ta3,1.05,0.19512
Pt3Sc2Si2,1.06667,0.18719
Au2Er1In1,1.08333,0.17976
Se3Sn1Tl4,1.1,0.17279
Mo1Zn6,1.11667,0.16623
C2Cr1Sc1,1.13333,0.16007
La1Rh1,1.15,0.15426
Ge1La3,1.16667,0.14877
C1Pb1Sc3,1.18333,0.14359
Bi2Pd3S2,1.2,0.13869
Dy1Pd1Sb1,1.21667,0.13405
As1C1V3,1.23333,0.12964
Tb1Zn1,1.25,0.12547
Au2Nb1,1.26667,0.1215
Bi1O4V1,1.28333,0.11772
F3Mg1Rb1,1.3,0.11413
Dy1Ga1Pt1,1.31667,0.1107
Bi2Th1,1.33333,0.10743
Al3Er1Ni2,1.35,0.10431
Cu1Zr1,1.36667,0.10134
Au1Ga1O2,1.38333,0.09849
Dy1Pt2Si2,1.4,0.09577
Eu1S1,1.41667,0.09316
Cd1Sb2Sn1,1.43333,0.09066
As2Ba1Zn2,1.45,0.08826
Li1Mg8Si4,1.46667,0.08596
Er1Sn3,1.48333,0.08376
Cu1Ga1Te2,1.5,0.08164
Dy2O7Sn2,1.51667,0.0796
Mg3P2,1.53333,0.07764
Cu1Ho1Sn1,1.55,0.07576
Al1Mn1Pd2,1.56667,0.07394
Be1S1,1.58333,0.07219
Ge1Mn1Yb1,1.6,0.07051
Bi2O7Ru2,1.61667,0.06888
H3Li1Sr1,1.63333,0.06731
Te1Zr1,1.65,0.0658
N1Y1,1.66667,0.06434
N1Sn3Zr5,1.68333,0.06293
P1Y1,1.7,0.06156
Cu2Ge2Sr1,1.71667,0.06025
F2Zn1,1.73333,0.05897
Ni1Sc2,1.75,0.05774
Nb5P1Si3,1.76667,0.05654
Ni1Sc1Si3,1.78333,0.05538
Dy1Ge1Li1,1.8,0.05426
N1Re1,1.81667,0.05317
La1Zn5,1.83333,0.05212
Hf3Si2,1.85,0.0511
Ir1Mg1Tb4,1.86667,0.05011
Al1Y1,1.88333,0.04915
Ni1P1Rh1,1.9,0.04821
As1Rh1Ti1,1.91667,0.04731
C2Re1,1.93333,0.04642
Cr1Si2,1.95,0.04557
P2Ru2Y1,1.96667,0.04474
Ni1Sb1Yb1,1.98333,0.04393
In2Li1Pd1,2,0.04314
Ce1Zn1,2.01667,0.04238
Au2Th1,2.03333,0.04163
B2Re1,2.05,0.04091
Ca1Tl1,2.06667,0.0402
C1Si1,2.08333,0.03951
Br1O1Rb3,2.1,0.03885
Ag1Be2,2.11667,0.03819
Hg1P1Pt5,2.13333,0.03756
Al1N1,2.15,0.03694
Al1Tb3,2.16667,0.03633
Y1Zn1,2.18333,0.03575
Si3Tc5,2.2,0.03517
Ga1Mo3,2.21667,0.03461
In1P1,2.23333,0.03406
Ba1O3Pa1,2.25,0.03353
Ga2Sc1,2.26667,0.03301
Hg1Tb1,2.28333,0.0325
Pd1Sb1Te1,2.3,0.032
Mg1Pd1,2.31667,0.03152
As2Ge1Mg1,2.33333,0.03104
P1Rh1Zr1,2.35,0.03058
N3Ta1Th1,2.36667,0.03013
Nb3S4,2.38333,0.02968
Ag1Tb1,2.4,0.02925
Ag2Si2Sr1,2.41667,0.02883
Al2Yb1,2.43333,0.02841
Cd1La1Tl1,2.45,0.02801
Ru3Ti1,2.46667,0.02761
Cu3Nb1Se4,2.48333,0.02722
C2Ho1Ni1,2.5,0.02684
Pb1Te3Tl4,2.51667,0.02647
Pd16S7,2.53333,0.02611
Ca1Ge2Ru2,2.55,0.02575
F3Y1,2.56667,0.0254
P1Yb1,2.58333,0.02506
Mg4P6Rh7,2.6,0.02473
Dy1Pt1Si1,2.61667,0.0244
B1Tc3,2.63333,0.02408
Nb1Re1Si1,2.65,0.02376
La1Te1,2.66667,0.02345
O4P1Y1,2.68333,0.02315
Ba3Cr1S5,2.7,0.02285
Al2Ir1Li1,2.71667,0.02256
Dy1Si2,2.73333,0.02228
Al4C4Th1,2.75,0.022
Al1Re2,2.76667,0.02172
Ag1Ti1,2.78333,0.02145
Ga1Li1O2,2.8,0.02119
Ge1Pt1Sr1,2.81667,0.02093
Au2Bi1,2.83333,0.02067
In2S5Zn2,2.85,0.02042
Cu1Li2Sn1,2.86667,0.02018
Ba1Pt1Si3,2.88333,0.01993
Cr1P4,2.9,0.0197
O2Sn1,2.91667,0.01946
Ag2Ca1,2.93333,0.01924
Se4Ta1Tl3,2.95,0.01901
P1Ru1,2.96667,0.01879
Ir2P1,2.98333,0.01857
Mo1O2,3,0.01836
As2Ba1Ru2,3.01667,0.01815
Ho1Si1,3.03333,0.01795
Ir5La1,3.05,0.01775
Cs2F6Ge1,3.06667,0.01755
Ni2P2Zr1,3.08333,0.01735
La1Rh2,3.1,0.01716
Rh4Sn13Th3,3.11667,0.01697
Ba1H1I1,3.13333,0.01678
In2Pd1Yb1,3.15,0.0166
F2Xe1,3.16667,0.01642
La1Pt2Si2,3.18333,0.01625
Bi5La3Mg1,3.2,0.01607
C1O2,3.21667,0.0159
Be2Cs1F5,3.23333,0.01573
Cu1Si1Ti1,3.25,0.01557
Cu2Er1Si2,3.26667,0.0154
B1Tc1,3.28333,0.01524
Cu9In4,3.3,0.01509
Si1Ta2V3,3.31667,0.01493
Ge1Ni1Zr1,3.33333,0.01478
Ir1Mn1Sb1,3.35,0.01463
In1Mn1Ti2,3.36667,0.01448
La1P2Rh2,3.38333,0.01433
Li1Nb1S2,3.4,0.01419
Ca1S1,3.41667,0.01405
Cl1La5Sn3,3.43333,0.01391
Er3F10K1,3.45,0.01377
Ru1Sb2,3.46667,0.01363
Ca3Ge13Rh4,3.48333,0.0135
Ir2Zr1,3.5,0.01337
Ag1Sc1,3.51667,0.01324
Nb1S1,3.53333,0.01311
Au2Ba1,3.55,0.01299
C1In1Pt3,3.56667,0.01286
Cd1S4Y2,3.58333,0.01274
Al3Dy1,3.6,0.01262
Al1Sc2Si2,3.61667,0.0125
B12Zr1,3.63333,0.01238
Ag5O6Pb2,3.65,0.01227
Cu1Mn1P1,3.66667,0.01215
C1Re1,3.68333,0.01204
Nb3Rh1,3.7,0.01193
Ge2Sc1,3.71667,0.01182
Au1K1Te1,3.73333,0.01171
Mn1Rh1,3.75,0.01161
Ag1In5Se8,3.76667,0.0115
Al1C1Zr2,3.78333,0.0114
Rh1Sb1Tb1,3.8,0.0113
Co2N1Zr4,3.81667,0.0112
Ba1F3Li1,3.83333,0.0111
P1Ru1Ta1,3.85,0.011
Al2Er1Ni1,3.86667,0.0109
Sb3Tb4,3.88333,0.01081
Bi3Sr1,3.9,0.01072
As4Mo5,3.91667,0.01062
Ir1V3,3.93333,0.01053
Rh3Ti1,3.95,0.01044
Al3Yb1,3.96667,0.01035
Rh2Si2Th1,3.98333,0.01026
Ga2Pt1,4,0.01018
Ba2Si1,4.01667,0.01009
B6Ni20Ta3,4.03333,0.01001
N2Sb1Th2,4.05,0.00992
F3K1Zn1,4.06667,0.00984
O4Pb1Sr2,4.08333,0.00976
Rb2S2,4.1,0.00968
S2Sr1,4.11667,0.0096
Rh2Si3Y3,4.13333,0.00952
As3Rh1,4.15,0.00944
Ba1Li1Si1,4.16667,0.00936
Hg1Pt3,4.18333,0.00929
In2Se4Zn1,4.2,0.00921
Au2In1Tb2,4.21667,0.00914
Cl4K2Pd1,4.23333,0.00907
Ir1Sn2,4.25,0.00899
N4Si3,4.26667,0.00892
Ge1Y1,4.28333,0.00885
O1Ta4,4.3,0.00878
Ce1O4Si1,4.31667,0.00871
N1Pt2Zr4,4.33333,0.00865
Ag1Er1Ge1,4.35,0.00858
Al1Ho2,4.36667,0.00851
Rh1Sb1U1,4.38333,0.00845
Ga1La1Pd2,4.4,0.00838
Ge1Li1Rh2,4.41667,0.00832
N2Pt1,4.43333,0.00825
As2Ca1Mg2,4.45,0.00819
Er2O3,4.46667,0.00813
K1O3U1,4.48333,0.00807
Pt1Si1Y1,4.5,0.00801
In1Pd2,4.51667,0.00795
Nb1Rh1,4.53333,0.00789
Na1Nb1O3,4.55,0.00783
Al2Pt1,4.56667,0.00777
Al3V1,4.58333,0.00772
Al16Os7Zr6,4.6,0.00766
Be1Li1P1,4.61667,0.0076
Ag1Br1,4.63333,0.00755
Al16Ni7Sc6,4.65,0.00749
C1Li4O4,4.66667,0.00744
Au1Ta3,4.68333,0.00738
Mo1Ni1P2,4.7,0.00733
B1In1La3,4.71667,0.00728
Al2O5Si1,4.73333,0.00723
Al16Ir7Sc6,4.75,0.00718
Au1Si1Th1,4.76667,0.00713
Gd1S1,4.78333,0.00708
Dy1Ru1Si1,4.8,0.00703
As2Ho2Ni1,4.81667,0.00698
Cd2O7Ta2,4.83333,0.00693
C1Rh1,4.85,0.00688
Co3S4,4.86667,0.00683
Dy1Hg2,4.88333,0.00678
Au1Cd1La1,4.9,0.00674
I1K1,4.91667,0.00669
N2Sr2Zn1,4.93333,0.00665
Os2P2Sr1,4.95,0.0066
Cd1O3Ti1,4.96667,0.00656
N1Ta1,4.98333,0.00651
Co1N3,5,0.00647
Ca2H1N1,0,0
Ce1Fe4P12,0.01667,0.00455
La1Pb1Pd1,0.03333,0.01811
Fe2Ta1,0.05,0.04039
Ce1Ga1O3,0.06667,0.07098
C2Cu1Rb1,0.08333,0.1096
Al2Ni1Zr6,0.1,0.15654
Al8Mo3,0.11667,0.21268
Au2In1Ti1,0.13333,0.27905
Ir1Mn1Si1,0.15,0.35615
C2Co1Tb1,0.16667,0.44359
Ir1Si1Ta1,0.18333,0.54036
As1Br3Ca3,0.2,0.64524
Mg1Ni1Sb1,0.21667,0.757
C1Ga1Nb2,0.23333,0.87551
Ba1Cu2Te2,0.25,1.00409
Cu3Nb1Te4,0.26667,1.15086
Hf1O1S1,0.28333,1.32718
Ca1O3Ti1,0.3,1.54322
H1Se1Y1,0.31667,1.80294
Er3Sn7,0.33333,2.09954
Al1K1O2,0.35,2.41279
Co1In2S4,0.36667,2.71077
Ga3Ni2,0.38333,2.95725
B2Hf1,0.4,3.12299
Cd1Co1La4,0.41667,3.19414
H3U1,0.43333,3.17348
As1Be1Na1,0.45,3.0748
Al1C1Tb3,0.46667,2.91628
Ga1La1Zn1,0.48333,2.71603
F4Nb1,0.5,2.49063
Co1O3Sr1,0.51667,2.25496
Sn3Y1,0.53333,2.02204
Cu3Ho3Sb4,0.55,1.80227
Cd2Ge2Sr1,0.56667,1.60247
Pt1Sb1,0.58333,1.42554
Al2Pd5U1,0.6,1.27115
O2Zn1,0.61667,1.13711
Sc1Te1,0.63333,1.02078
Ba1Cu2S2,0.65,0.91973
Dy1Ge1Ru1,0.66667,0.83199
Hg1O2Rb2,0.68333,0.75578
Nd1Pd3,0.7,0.68952
Mn3Sb1,0.71667,0.63175
Ce1Ge3V1,0.73333,0.58119
Ge12Pr1Pt4,0.75,0.53673
In2Sr1Te4,0.76667,0.49747
Au2Ho1,0.78333,0.46261
Er1Zn1,0.8,0.43153
Ho1Pt2,0.81667,0.40367
Re1Si1Ta1,0.83333,0.37861
Ga1Rh1Y1,0.85,0.35597
Ru1Sb1Ta1,0.86667,0.33543
C1Mo1,0.88333,0.31674
Ho1Pd1Sn1,0.9,0.29968
Fe1Hf1P1,0.91667,0.28405
Li2O1,0.93333,0.26969
Er1In1Pt1,0.95,0.25646
Y1,0.96667,0.24425
Ag2Ba1Sn2,0.98333,0.23294
As2Os1,1,0.22245
Dy2Tl1,1.01667,0.2127
Cu1Sb1Yb1,1.03333,0.20361
Cd1Lu2S4,1.05,0.19512
Rh3Th7,1.06667,0.18719
Hf1O7V2,1.08333,0.17976
Er1Pt1,1.1,0.17279
Lu1Ni1Sb1,1.11667,0.16623
Al1Li1O2,1.13333,0.16007
Ag1Ho1,1.15,0.15426
Er1O4P1,1.16667,0.14877
Cu1Zr2,1.18333,0.14359
Al1Ir1,1.2,0.13869
Ho1In3,1.21667,0.13405
Si1U3,1.23333,0.12964
Al1C3Nb4,1.25,0.12547
Be1Zn13,1.26667,0.1215
Li3O4U1,1.28333,0.11772
Ba1Hg1Sn1,1.3,0.11413
Al1Au2,1.31667,0.1107
P1Ru2,1.33333,0.10743
C1Re2,1.35,0.10431
C1Tb3Tl1,1.36667,0.10134
H3Y1,1.38333,0.09849
La1Si2,1.4,0.09577
N6Ta5,1.41667,0.09316
C1Cr1,1.43333,0.09066
La4N2S3,1.45,0.08826
Br3Cs1Ge1,1.46667,0.08596
C1Er3Tl1,1.48333,0.08376
As1Cu1S1,1.5,0.08164
P2Sc3,1.51667,0.0796
Co1Te2,1.53333,0.07764
P3Rh1,1.55,0.07576
Mn1Pt1,1.56667,0.07394
Ba1Cd2Ge2,1.58333,0.07219
Cd1Er1,1.6,0.07051
Co2Cu1S4,1.61667,0.06888
Se4U3,1.63333,0.06731
Cd2Er1,1.65,0.0658
Li2Te1,1.66667,0.06434
F3K1V1,1.68333,0.06293
B6Sr1,1.7,0.06156
Li1,1.71667,0.06025
Cd1Te1,1.73333,0.05897
Ni5P3Sr1,1.75,0.05774
Al1Re1,1.76667,0.05654
Al1Au2Ti1,1.78333,0.05538
Au2Bi1Dy5,1.8,0.05426
Mg1Mo1N2,1.81667,0.05317
Br3Cs1Sn1,1.83333,0.05212
Se1V1,1.85,0.0511
Ba1Si1Zn1,1.86667,0.05011
O2W1,1.88333,0.04915
Al1H4Th2,1.9,0.04821
P1Pt5Zn1,1.91667,0.04731
Os1P2,1.93333,0.04642
Se2Ta1,1.95,0.04557
Er1Hg1,1.96667,0.04474
Ru1Te2,1.98333,0.04393
Ge6Ru7Sc4,2,0.04314
Dy1Ge2Ru2,2.01667,0.04238
As2Ca1Cd2,2.03333,0.04163
P1Pt1Tb1,2.05,0.04091
F3K1Mn1,2.06667,0.0402
C1Os1,2.08333,0.03951
Be2Ta1,2.1,0.03885
La1Pd3,2.11667,0.03819
C2Dy2Re1,2.13333,0.03756
K1Li1Se1,2.15,0.03694
C1Dy1Rh3,2.16667,0.03633
In1Sc3,2.18333,0.03575
Cu1K1S1,2.2,0.03517
Er7Rh3,2.21667,0.03461
Be2Fe1,2.23333,0.03406
Ag1Ga1,2.25,0.03353
Ce1Pt3,2.26667,0.03301
C2Sn1Ti3,2.28333,0.0325
Al1Y2,2.3,0.032
Pd2Sn1Tb1,2.31667,0.03152
La2O5Pd2,2.33333,0.03104
Br1Eu1I1,2.35,0.03058
Al1Ca3Sb3,2.36667,0.03013
Al8Fe4La1,2.38333,0.02968
Al1La3,2.4,0.02925
Au1Er1Pb1,2.41667,0.02883
Ni1Sb2,2.43333,0.02841
Br6K2Sn1,2.45,0.02801
Mg3Tb1,2.46667,0.02761
Mg1O4Rh2,2.48333,0.02722
Er1Rh3Si2,2.5,0.02684
Bi2Cu1Zr6,2.51667,0.02647
Mo4N1Ni2,2.53333,0.02611
Cd1O4Rh2,2.55,0.02575
Mg3Sb2,2.56667,0.0254
Ho1Ir1Si1,2.58333,0.02506
As1Ba1Pd1,2.6,0.02473
Nb3Sb2Te5,2.61667,0.0244
C1In1Y3,2.63333,0.02408
As1Pd1Sr1,2.65,0.02376
Hg11K1,2.66667,0.02345
Os2Si2Tb1,2.68333,0.02315
Cl2H6N2,2.7,0.02285
Al3Hf4,2.71667,0.02256
F4Ni1Rb2,2.73333,0.02228
B2C2Ca1,2.75,0.022
Rh3S4,2.76667,0.02172
S2W1,2.78333,0.02145
Re1,2.8,0.02119
Ba2Hf1S4,2.81667,0.02093
Pt1Y2,2.83333,0.02067
Cu2Hf1In1,2.85,0.02042
Ag2Dy1In1,2.86667,0.02018
Rh1Sb1Th1,2.88333,0.01993
Al1Hf1Ni2,2.9,0.0197
B1Lu1Rh3,2.91667,0.01946
Ag2S1,2.93333,0.01924
Cs2Hf1I6,2.95,0.01901
Pt1U1,2.96667,0.01879
Co1Hf1Sn1,2.98333,0.01857
Li1Pb1,3,0.01836
Hf1N1,3.01667,0.01815
Ag2La1Si2,3.03333,0.01795
Ca1Mg2,3.05,0.01775
Cd3Sc1,3.06667,0.01755
Ag2Si2Yb1,3.08333,0.01735
Ge2Ru2Th1,3.1,0.01716
Pt1V3,3.11667,0.01697
Hg1Zr3,3.13333,0.01678
Ga1Rh1Zr1,3.15,0.0166
Al16Hf6Rh7,3.16667,0.01642
Ir1Si3Th1,3.18333,0.01625
N1Os2Zr4,3.2,0.01607
Ce2In1Pt2,3.21667,0.0159
Ba1I2,3.23333,0.01573
Ca1Tl3,3.25,0.01557
Al3Ho1,3.26667,0.0154
S2Zn1,3.28333,0.01524
Ca2N2Zn1,3.3,0.01509
O2Pt1,3.31667,0.01493
Ga2Y1,3.33333,0.01478
Nb6Sn6Tb1,3.35,0.01463
Au2Si2Sr1,3.36667,0.01448
Ir3U1,3.38333,0.01433
Au1Ho1Sn1,3.4,0.01419
Br6Rb2Sn1,3.41667,0.01405
Cs1Cu1F4,3.43333,0.01391
Pt1S1Sb1,3.45,0.01377
B2Ta1,3.46667,0.01363
B6Ca1,3.48333,0.0135
B6Gd1,3.5,0.01337
C1Nb1Ru3,3.51667,0.01324
Ba1Hg2Tl2,3.53333,0.01311
Sb3Si1Zr5,3.55,0.01299
Li1O4V2,3.56667,0.01286
Bi1In1O3,3.58333,0.01274
Nb4Ni1P1,3.6,0.01262
Be13Pa1,3.61667,0.0125
Cs1Fe1O2,3.63333,0.01238
Fe2Si2Tb1,3.65,0.01227
Sb4Zr5,3.66667,0.01215
Ge13Ho3Rh4,3.68333,0.01204
In1Yb1,3.7,0.01193
C2Si1,3.71667,0.01182
Ge2Ir2Tb1,3.73333,0.01171
Ir2Si2Th1,3.75,0.01161
N1Ru1,3.76667,0.0115
La1S1,3.78333,0.0114
Be5Hf1,3.8,0.0113
Sb2Tb1,3.81667,0.0112
Cd1P1Pd5,3.83333,0.0111
Al3Os1U2,3.85,0.011
Er5Sb3,3.86667,0.0109
Cu2Ge1Li1,3.88333,0.01081
Cu1Si1Tb1,3.9,0.01072
Cd1Se1,3.91667,0.01062
Si2Zr1,3.93333,0.01053
Au1Sn1Tb1,3.95,0.01044
Fe1S2,3.96667,0.01035
Al1Ni3,3.98333,0.01026
Ca1F4Pd1,4,0.01018
Ge1Ho1Ru1,4.01667,0.01009
Ca1Pb1Pd1,4.03333,0.01001
F1Gd1S1,4.05,0.00992
Ag1P1Sr1,4.06667,0.00984
Bi1Ni1Se1,4.08333,0.00976
Br1Cs1,4.1,0.00968
Er2O7V2,4.11667,0.0096
B1Ge3Nb5,4.13333,0.00952
Cr1O4V1,4.15,0.00944
Pt5Pu1,4.16667,0.00936
Au1Mn1,4.18333,0.00929
Al1Er1,4.2,0.00921
Cu1Zn1,4.21667,0.00914
Pt3Y7,4.23333,0.00907
Ga1O6Y3,4.25,0.00899
C2Ge1Ti3,4.26667,0.00892
Al1Co2Hf1,4.28333,0.00885
Al1Pt3,4.3,0.00878
Bi1Li1Zn1,4.31667,0.00871
Er1Ge3Ni1,4.33333,0.00865
Cd2O4Sn1,4.35,0.00858
Mo3Sn1,4.36667,0.00851
S3Sn2,4.38333,0.00845
La1Os1Si3,4.4,0.00838
Rh1Si1Y1,4.41667,0.00832
Ag1Gd1,4.43333,0.00825
Ba1O3Tb1,4.45,0.00819
Al2Th1,4.46667,0.00813
Cs2Te5,4.48333,0.00807
S1Yb1,4.5,0.00801
Ge1Li1Y1,4.51667,0.00795
B6Ta5,4.53333,0.00789
Mn2O7Sb2,4.55,0.00783
Al1F4Rb1,4.56667,0.00777
Ca1O1,4.58333,0.00772
La1Rh3Si2,4.6,0.00766
Ir1La1Si1,4.61667,0.0076
In2Ir1Sr1,4.63333,0.00755
Al3Y1,4.65,0.00749
Au1Er1Sn1,4.66667,0.00744
Be2Nb1,4.68333,0.00738
Ag2Th1,4.7,0.00733
Ge1Hf1Ir1,4.71667,0.00728
Tl3Yb1,4.73333,0.00723
Er1Ir2Si2,4.75,0.00718
In1Ir1Tb1,4.76667,0.00713
Ba1Ge12Pt4,4.78333,0.00708
Al1Cl4Cu1,4.8,0.00703
Ir1Mg3,4.81667,0.00698
Ge1Y1Zn1,4.83333,0.00693
Au2Ga2Sr1,4.85,0.00688
Cr2Hg1S4,4.86667,0.00683
Co1Ge1Nb1,4.88333,0.00678
Ge7Ni16Sc6,4.9,0.00674
Cd1S2,4.91667,0.00669
Hf1P1Ru1,4.93333,0.00665
O3Y2,4.95,0.0066
Tb2Tl1,4.96667,0.00656
Al1Li1,4.98333,0.00651
In1Ni2Sc1,5,0.00647
Te1Y1,0,0
Ba1Mn1O3,0.01667,0.00537
Fe1H6Mg2,0.03333,0.02162
Al1Cu2Hf1,0.05,0.04919
Be2Ta3,0.06667,0.08859
Ca1Ga1Ge1,0.08333,0.14005
Ba1O3Ti1,0.1,0.20307
Ir1Sn1Zr1,0.11667,0.2759
Dy1O4P1,0.13333,0.35531
Cu1La1,0.15,0.43687
Sb1Sc1,0.16667,0.5163
Ge2Ho1Pd2,0.18333,0.59187
Zn22Zr1,0.2,0.6663
Be22Re1,0.21667,0.74674
Cd2La1Pd1,0.23333,0.84291
Ge2Ho2Mg1,0.25,0.96477
Al2C3Th2,0.26667,1.1205
Cu1S2Tl1,0.28333,1.31453
Al1Co2Mn1,0.3,1.54524
Ir1Lu1Si1,0.31667,1.80253
Al2Ru1,0.33333,2.06712
O3Sb2,0.35,2.31367
Ga12Ho4Ni1,0.36667,2.5179
Bi1Pb1Pd2,0.38333,2.66406
Zn1Zr2,0.4,2.74748
Al2Hf3,0.41667,2.77129
Ho1In1Pt1,0.43333,2.74163
Al1Nb1Ru2,0.45,2.66458
Ge1Hg1Li2,0.46667,2.54585
Mg1O2,0.48333,2.3921
Fe1P1Ta1,0.5,2.21222
In1La1Pd2,0.51667,2.01714
Bi2O7Pt2,0.53333,1.81859
Ag1Cu4Yb1,0.55,1.62701
Hf2Ni3Si4,0.56667,1.44976
Al3Li1,0.58333,1.29061
Mn1Sn2,0.6,1.15035
In3Yb1,0.61667,1.02797
Br1La5Sb3,0.63333,0.92179
Ce1Rh1,0.65,0.82994
Ag3As1O4,0.66667,0.75059
Cu1Dy1,0.68333,0.68196
Ge2Ho1Rh2,0.7,0.62245
Bi3Tb4,0.71667,0.57065
La1S2,0.73333,0.52533
Al1Cu1Ti2,0.75,0.48549
Ru2Si1,0.76667,0.45028
B1Fe2,0.78333,0.41901
Ba1O4S1,0.8,0.3911
B1Hf1Rh3,0.81667,0.36607
Ni2S6Ta9,0.83333,0.34354
Co1Si2Y1,0.85,0.32317
Fe1O3Sr1,0.86667,0.30468
Be5Sc1,0.88333,0.28785
As1Cd1Li1,0.9,0.27247
Co1O1,0.91667,0.25837
Be13Lu1,0.93333,0.24541
Mn1Ni3,0.95,0.23347
O3Ru1Sr1,0.96667,0.22243
In1Pt5Si1,0.98333,0.21221
Bi2Pd5,1,0.20273
Ba1F4Ni1,1.01667,0.1939
Ru3Si2Y1,1.03333,0.18567
Be5Fe1,1.05,0.17799
Pd2Sb1,1.06667,0.17081
Ca1P1,1.08333,0.16407
Ba1Te1,1.1,0.15775
Ge3Ni1Y1,1.11667,0.1518
Ni16Si7Zr6,1.13333,0.14621
F5U1,1.15,0.14093
Er1In1,1.16667,0.13595
Tb1,1.18333,0.13125
Ge1O3Sr1,1.2,0.12679
Ca3Tl1,1.21667,0.12257
C1H1N1,1.23333,0.11857
Si2Th3,1.25,0.11477
Bi1Er2O2,1.26667,0.11116
O4P1Pr1,1.28333,0.10772
Ni1Sn1Tb1,1.3,0.10445
Li2Na1Sb1,1.31667,0.10133
Pt2W1,1.33333,0.09836
Al0.4C0.2Ta0.6,1.35,0.09552
Nb4Ni1Si1,1.36667,0.0928
Ca1Pt2,1.38333,0.09021
Nb1P1,1.4,0.08773
Fe1Ru2Sn1,1.41667,0.08535
Cl6Cs2Ti1,1.43333,0.08307
Br6Pd1Rb2,1.45,0.08088
Ir2S3,1.46667,0.07879
Cr2Cu1Te4,1.48333,0.07677
Ba1Ni1Sn3,1.5,0.07484
Cs2Te1,1.51667,0.07298
As2Co1,1.53333,0.07119
C1Ru3Th1,1.55,0.06947
Pb1Se1,1.56667,0.06781
Eu1F4Mg1,1.58333,0.06621
Bi1K3,1.6,0.06467
Ag1O3Sb1,1.61667,0.06319
N1Re2,1.63333,0.06175
Ce1O3Sr1,1.65,0.06037
Au5Rb1,1.66667,0.05904
Ba1Ge3Ir1,1.68333,0.05774
Mn1Pd1,1.7,0.0565
Be2Nb3,1.71667,0.05529
Ba3Sn5,1.73333,0.05412
Cl6K2Pd1,1.75,0.05299
Er1Ni2Si2,1.76667,0.0519
Cd2Nb2O7,1.78333,0.05084
B4In5Ir9,1.8,0.04982
Ge2Pd2Tb1,1.81667,0.04882
Ni2Sb1Ti1,1.83333,0.04786
Hg2La1,1.85,0.04692
Ca3Hg1,1.86667,0.04601
Mn1Rh2Sn1,1.88333,0.04513
Au1In1O2,1.9,0.04428
In2Pt1Sr1,1.91667,0.04345
Ge1Ir1Zr1,1.93333,0.04264
Li1Sb1Zn1,1.95,0.04186
As1Cd1Pt5,1.96667,0.0411
O7Pb2Sb2,1.98333,0.04035
In3Tb1,2,0.03963
Dy1S2,2.01667,0.03893
Dy1Ga1Zn1,2.03333,0.03825
F1La1S1,2.05,0.03759
C3Ce2,2.06667,0.03694
As1O4Sc1,2.08333,0.03631
Ni1P1Ta1,2.1,0.0357
P1Sn1,2.11667,0.0351
Al1Mg1Y1,2.13333,0.03452
Ge1Li1Ni2,2.15,0.03395
Ge1Ru1Sc1,2.16667,0.03339
Mg2O4Si1,2.18333,0.03285
Ru2Zr1,2.2,0.03233
Rh3Te2,2.21667,0.03181
As1Nb1Ni1,2.23333,0.03131
Ho1Sb1,2.25,0.03082
Au1Cd1Yb1,2.26667,0.03034
Au1Er2,2.28333,0.02988
Al3C3Er1,2.3,0.02942
Ni1P1W1,2.31667,0.02898
Ca1Ni2,2.33333,0.02854
La1O3Ti1,2.35,0.02811
In1La3,2.36667,0.0277
Ge1Rh1,2.38333,0.02729
B2Ca1Rh3,2.4,0.0269
B6H6K2,2.41667,0.02651
As1Er1,2.43333,0.02613
La1Pt1,2.45,0.02575
Ho2In1,2.46667,0.02539
H1W1,2.48333,0.02503
Mg2Pb1,2.5,0.02469
Ga3Tb1,2.51667,0.02434
Fe1La1O3,2.53333,0.02401
O3Rh1Tb1,2.55,0.02368
B6La1,2.56667,0.02336
Ni2Sb2Tb1,2.58333,0.02305
Si3V5,2.6,0.02274
Ag2Si2Tb1,2.61667,0.02244
Ca1O3Zr1,2.63333,0.02214
Ag1Dy1Se2,2.65,0.02186
Bi2Pt1,2.66667,0.02157
Ni1Pd1Si1,2.68333,0.02129
Cl6Mn1Rb2,2.7,0.02102
Cd1Hg2Ti1,2.71667,0.02075
Cs1F1,2.73333,0.02049
Rh1Sb3,2.75,0.02023
Bi3Ni1,2.76667,0.01998
Ba1In4Ir1,2.78333,0.01973
As2Ba1Rh2,2.8,0.01949
Sb1Sc2,2.81667,0.01925
Pd3Sc1,2.83333,0.01902
Ge13Ho3Os4,2.85,0.01879
Ir1N2,2.86667,0.01856
In1Li2Mg1,2.88333,0.01834
N4Sn3,2.9,0.01812
Ir4Sn4Sr3,2.91667,0.01791
Ge1Pt1Se1,2.93333,0.0177
Ir2Y1,2.95,0.01749
B2Ca1,2.96667,0.01729
Ir1N1,2.98333,0.01709
Pb3Tb5,3,0.0169
Dy1Ge1Pt1,3.01667,0.0167
Cd1Gd1,3.03333,0.01651
Tc1,3.05,0.01633
Rh2Yb1,3.06667,0.01615
C1Zn3Zr3,3.08333,0.01597
Hf1Rh3,3.1,0.01579
Dy2S3,3.11667,0.01562
Ni1P2,3.13333,0.01545
Ge3Pt2,3.15,0.01528
Co2Ge1Mn1,3.16667,0.01511
Pt2Sc1Sn1,3.18333,0.01495
Dy1Sb1,3.2,0.01479
Ir1Yb1,3.21667,0.01463
Co1Mo1P2,3.23333,0.01448
Dy4Ga12Pd1,3.25,0.01433
Cu1Dy1Pb1,3.26667,0.01418
Ca1Pd1,3.28333,0.01403
H2Pd1Zr2,3.3,0.01388
Ag2In1Li1,3.31667,0.01374
Na3P1,3.33333,0.0136
C1O3Sr1,3.35,0.01346
In1Rh1Y1,3.36667,0.01332
Au1Mg1Yb1,3.38333,0.01319
Ho5Ni2Sb1,3.4,0.01306
Bi1Pd1Yb1,3.41667,0.01293
Ca1O3Sn1,3.43333,0.0128
Ge1Pd1Zr1,3.45,0.01267
Au1In1Yb1,3.46667,0.01255
Au2Si2Th1,3.48333,0.01243
C1K4O4,3.5,0.01231
Cd1Co1Ho4,3.51667,0.01219
Er1Ni2P2,3.53333,0.01207
Al1Er2,3.55,0.01195
As2Cd1,3.56667,0.01184
Bi1Pt1Yb1,3.58333,0.01173
Rh1Ti2,3.6,0.01162
Re1Ti1,3.61667,0.01151
Ga1Sn2V2,3.63333,0.0114
Al2Er3,3.65,0.01129
Au1C2K1,3.66667,0.01119
Al1Sc2,3.68333,0.01108
Ca1Ge2Ir2,3.7,0.01098
Hg1Ni1,3.71667,0.01088
B1Ge3Ta5,3.73333,0.01078
As2Ba1Ge2,3.75,0.01069
Cd1O6Pt3,3.76667,0.01059
Rh3Ta1,3.78333,0.01049
Ni3Si1,3.8,0.0104
La4O4Se3,3.81667,0.01031
Co1Er1Ge2,3.83333,0.01022
Cu1Sc1Sn1,3.85,0.01013
Ga1Ni1Ti1,3.86667,0.01004
Al2Dy1,3.88333,0.00995
Dy1Pt1Sb1,3.9,0.00986
Dy1Pb1Pd1,3.91667,0.00978
Au1La1O3,3.93333,0.00969
Ba1Nb7O9,3.95,0.00961
B6Tb1,3.96667,0.00953
Na3Sb1Se3,3.98333,0.00945
Pd3Te2,4,0.00937
Hf1Mo1Si1,4.01667,0.00929
Cr1N3Sr3,4.03333,0.00921
Al16Pd7Zr6,4.05,0.00913
Au1Ca3N1,4.06667,0.00906
Sc1Zn1,4.08333,0.00898
C2Tb1,4.1,0.00891
Li3Pb1,4.11667,0.00884
Cd1Ho4Rh1,4.13333,0.00876
Er3Ga1O6,4.15,0.00869
Be1F2,4.16667,0.00862
Si4Ti5,4.18333,0.00855
Mg1Tb2,4.2,0.00848
C3Ir5,4.21667,0.00841
As1O4Tb1,4.23333,0.00835
O6Sb2Zn1,4.25,0.00828
N2W1,4.26667,0.00822
Rh1Tb1Zn1,4.28333,0.00815
B1C2N1,4.3,0.00809
As4Mg1,4.31667,0.00802
Br6Rb2Te1,4.33333,0.00796
Pr1Tl3,4.35,0.0079
Gd2S3,4.36667,0.00784
Br1K3O1,4.38333,0.00778
Co1Sb1Ti1,4.4,0.00772
C3N4,4.41667,0.00766
Ag1Er1,4.43333,0.0076
Cl2Zn1,4.45,0.00754
K1N3,4.46667,0.00749
Ag1Ho1Pb1,4.48333,0.00743
Er2S3,4.5,0.00737
Sb1Zr2,4.51667,0.00732
P12Ru4Tb1,4.53333,0.00726
Br6Cs2Sn1,4.55,0.00721
Ba2Ge4S10,4.56667,0.00716
P1Pd5Tl1,4.58333,0.0071
Cu3Dy3Sb4,4.6,0.00705
Ba1F4Mg1,4.61667,0.007
Ba1Be13,4.63333,0.00695
Au1Ho1,4.65,0.0069
Al3C3Y1,4.66667,0.00685
Cu2O1,4.68333,0.0068
O4Rh2Zn1,4.7,0.00675
Mg1Pd1Y1,4.71667,0.0067
Ho1Ni1Sb1,4.73333,0.00666
Al1Zr3,4.75,0.00661
Ag1P1Pd5,4.76667,0.00656
Nb1Pt3,4.78333,0.00652
P2Ru1,4.8,0.00647
Be13Hf1,4.81667,0.00642
Ir1Sb1Te1,4.83333,0.00638
Ge2La1Pt2,4.85,0.00633
Rh2Si2Tb1,4.86667,0.00629
Cu1K1Te1,4.88333,0.00625
N1Na3,4.9,0.0062
Hg1I2,4.91667,0.00616
Ca1H2,4.93333,0.00612
Rh1Sb1Se1,4.95,0.00608
Dy1Ga4Ni1,4.96667,0.00604
Mn1O3Sr1,4.98333,0.006
Au2Er1,5,0.00596
I1La1,0,0
Al2Pd5Y1,0.01667,0.00573
Mn1Se1,0.03333,0.02329
Mg3Nb6O11,0.05,0.05379
Bi1Lu1Ni1,0.06667,0.09892
Al1Sb1,0.08333,0.16056
Ga1Pt3,0.1,0.23983
O4Pd3Tl1,0.11667,0.33554
Ce3S4,0.13333,0.4425
Bi4Ce3Pt3,0.15,0.55132
Li1O2Rh1,0.16667,0.65131
Ga1Pt1Y1,0.18333,0.73583
Ca3Ga4Ni4,0.2,0.80622
B2Co2Y1,0.21667,0.87135
As4Th3,0.23333,0.94417
Al1Li5O4,0.25,1.03811
Co1Nb4Si1,0.26667,1.16489
Ho1Zn1,0.28333,1.33359
Na2S1,0.3,1.54917
Er3Rh1,0.31667,1.81001
Br1In5Se5,0.33333,2.10508
La1Rh1Si3,0.35,2.41293
Au2Ti1,0.36667,2.70435
Sn1Ti2,0.38333,2.94785
Mg1Tb1,0.4,3.11692
Rh2Th1,0.41667,3.19681
Al1Cr2,0.43333,3.18764
Ru2Si2Tb1,0.45,3.10132
C1Ge1Ti2,0.46667,2.95555
Gd1Te1,0.48333,2.76902
C2Re1Y2,0.5,2.55918
As4Na8Ti1,0.51667,2.34115
Be2Cu1,0.53333,2.12715
Ag1Ca1,0.55,1.92593
B6Dy1,0.56667,1.74243
Ta1Tc1,0.58333,1.57801
Bi2O7Ti2,0.6,1.43117
Er3Ru2,0.61667,1.29867
Co2Ga1Ta1,0.63333,1.17746
Ga1La1Mg1,0.65,1.06605
Al1Cu2Sc1,0.66667,0.96448
Rh1Te2,0.68333,0.87327
Au3K1Sn3,0.7,0.79251
W1,0.71667,0.72165
Ge2N3Na1,0.73333,0.65972
Fe1Ge1,0.75,0.6056
Na8Sb4Sn1,0.76667,0.55819
Ho1S2,0.78333,0.51648
Ga1Pd2Sc1,0.8,0.47962
I6Rb2Sn1,0.81667,0.44688
Pd2Ti1,0.83333,0.41765
Lu1Ru2Si2,0.85,0.39145
Rh4Sn13Sr3,0.86667,0.36784
Al2Co1Zr6,0.88333,0.34649
Al9Ba1Ni2,0.9,0.3271
H6Na2Pt1,0.91667,0.30943
Al9Co2Sr1,0.93333,0.29327
Al1Li2Pd1,0.95,0.27844
Ca3Cl3P1,0.96667,0.2648
Al2Fe1Zr6,0.98333,0.25221
Al1Co2Ti1,1,0.24057
Si1Zr2,1.01667,0.22977
Bi4Th3,1.03333,0.21974
Ge2N4Si1,1.05,0.2104
Pd1Y1,1.06667,0.20168
Ag2Li1Sn1,1.08333,0.19352
Ce1P1,1.1,0.18589
Er1Pd1Sb1,1.11667,0.17872
Au2In1Th1,1.13333,0.17199
Si1Sr1,1.15,0.16566
Hf2S1,1.16667,0.15969
I6Pt1Rb2,1.18333,0.15405
Cs2I6Pd1,1.2,0.14873
Be1Se1,1.21667,0.14369
Os4Sc11,1.23333,0.13892
Na6O5Pb1,1.25,0.13439
Na1O3Ta1,1.26667,0.1301
Co2Si1V1,1.28333,0.12601
Co2Se2Tl1,1.3,0.12213
O1Sn1Yb3,1.31667,0.11843
Er3In1N1,1.33333,0.1149
Hg2Nb2O7,1.35,0.11154
P1V2,1.36667,0.10833
Ba1O2,1.38333,0.10526
Zn2Zr1,1.4,0.10233
Ba1Nb1O3,1.41667,0.09953
O6Pt3Zn1,1.43333,0.09684
Cd1F3K1,1.45,0.09426
Bi1Ga1,1.46667,0.09179
Pt1Si1Zr1,1.48333,0.08942
N2Se1Th2,1.5,0.08714
La1Ru2Si2,1.51667,0.08496
Ir2Si2Tb1,1.53333,0.08285
Ni4P4Ta5,1.55,0.08083
Au2S1,1.56667,0.07888
F6Na1Sb1,1.58333,0.07701
Ru1Si1Y1,1.6,0.0752
P3Ti4,1.61667,0.07346
S1Tb1,1.63333,0.07178
Cl1Tl1,1.65,0.07016
Ba1Li1P1,1.66667,0.0686
Pt1Zr1,1.68333,0.06709
N2,1.7,0.06563
Cr2O4Zn1,1.71667,0.06421
B1Hf1,1.73333,0.06285
Au1Gd1,1.75,0.06153
As1K3S3,1.76667,0.06025
B2Mn1,1.78333,0.05901
F6Si1Tl2,1.8,0.05781
Ge1Ho1,1.81667,0.05665
Al2Pd1,1.83333,0.05553
Mn3Nb6O11,1.85,0.05443
C3Yb2,1.86667,0.05338
Sn1Zr3,1.88333,0.05235
Ag1Ba1,1.9,0.05135
Dy1Pd1,1.91667,0.05038
Pt3Sb2,1.93333,0.04944
Al2Ba1Si2,1.95,0.04853
Ba1H3Li1,1.96667,0.04764
Cd1S1,1.98333,0.04678
Eu1Hg1,2,0.04594
Dy5S7,2.01667,0.04512
Ir1Zr3,2.03333,0.04432
Se1Zn1,2.05,0.04355
B2Ir6Sn5,2.06667,0.0428
N3Ta2Zr1,2.08333,0.04206
Sb1Tb1,2.1,0.04135
Au1Cl3Cs1,2.11667,0.04066
O1U1,2.13333,0.03998
C1Cr2Ga1,2.15,0.03932
Ru1Zr1,2.16667,0.03867
Ge2Rh2Y1,2.18333,0.03804
Cl6Cs2Te1,2.2,0.03743
As1Sb3Zr5,2.21667,0.03683
Ba1P1Pt1,2.23333,0.03625
Co2Y3,2.25,0.03568
Dy5Ni1Pb3,2.26667,0.03513
Dy5Ru2,2.28333,0.03458
B4Hf1Ir3,2.3,0.03405
Br4K2Pd1,2.31667,0.03354
Au6In5Na2,2.33333,0.03303
Ag1Cu4Dy1,2.35,0.03254
Cr1Dy4Ga12,2.36667,0.03205
Dy3Ge13Os4,2.38333,0.03158
Cu2In1Sc1,2.4,0.03112
C1Dy3Tl1,2.41667,0.03067
Bi1Ir1Se1,2.43333,0.03023
Ca1,2.45,0.0298
Al1Gd1O3,2.46667,0.02937
Ho4In1Rh1,2.48333,0.02896
In1N1Ti2,2.5,0.02856
Ge1La1,2.51667,0.02816
Be2Ti1,2.53333,0.02777
K1N1,2.55,0.02739
C11N4,2.56667,0.02702
Ce1P12Ru4,2.58333,0.02666
O3Tl2,2.6,0.0263
Ag1F3Zn1,2.61667,0.02595
Au7Cd16Na6,2.63333,0.02561
Ir1Li1,2.65,0.02527
Al1Dy3N1,2.66667,0.02494
Ga1O6Tb3,2.68333,0.02462
Au1Pb4Rb3,2.7,0.0243
Sb1Se3Tl3,2.71667,0.02399
Si1Ti1,2.73333,0.02369
Ni2P2Th1,2.75,0.02339
Cr2Cu1Se4,2.76667,0.0231
Ca1Hg3,2.78333,0.02281
Mo3Si1,2.8,0.02253
Cu2In1Ti1,2.81667,0.02225
Be13Zr1,2.83333,0.02198
Ba1Tl2,2.85,0.02172
Ga2Ru1,2.86667,0.02146
Be4Ca2N4,2.88333,0.0212
Al1H4Na1,2.9,0.02095
Ho5Sb3,2.91667,0.0207
Al18Mg3V2,2.93333,0.02046
Sb2Tl7,2.95,0.02022
Be13Ca1,2.96667,0.01998
Ru1V3Zr2,2.98333,0.01975
Mn1Pt3,3,0.01952
Ni1Tl1,3.01667,0.0193
Ba1Ge3Pt1,3.03333,0.01908
Al1Mn1Ti2,3.05,0.01887
Te1Zn1,3.06667,0.01866
Cu1Ni2Sn1,3.08333,0.01845
Mn6Sn6Zr1,3.1,0.01824
Pd2Sn1Y1,3.11667,0.01804
Ag1Si1Y1,3.13333,0.01785
N1V2,3.15,0.01765
Cu1Hf5Sn3,3.16667,0.01746
Al3Pr1,3.18333,0.01727
Bi1Er1,3.2,0.01709
Ba5Sb4,3.21667,0.01691
Gd2O7Ti2,3.23333,0.01673
Cu4In1Y1,3.25,0.01655
Hf1Rh1,3.26667,0.01638
Ba1In2Rh1,3.28333,0.01621
Ba1Os2P2,3.3,0.01604
Ca1Cd1Ge1,3.31667,0.01587
Ag5S4Sb1,3.33333,0.01571
In2Mg1O4,3.35,0.01555
Al3Pt5,3.36667,0.01539
La1O4P1,3.38333,0.01524
Ca1Pt1Si3,3.4,0.01508
Pb1Sr2,3.41667,0.01493
Ce1Rh3,3.43333,0.01478
I5In1Sn2,3.45,0.01464
Bi1Na1,3.46667,0.01449
Ag1Pd3Se1,3.48333,0.01435
Ca3N1Tl1,3.5,0.01421
La1Mg2,3.51667,0.01407
Ba1Ge3Pd1,3.53333,0.01394
Mn2Si2Tb1,3.55,0.0138
Al3Th1,3.56667,0.01367
Ga2Th1,3.58333,0.01354
Al1Au2Mn1,3.6,0.01341
In1Ni2Zr1,3.61667,0.01329
Bi1Ga1O3,3.63333,0.01316
Al1Zr1,3.65,0.01304
Co1Ti1,3.66667,0.01292
Co2Sn1Ti1,3.68333,0.0128
Ag1Cu4Tb1,3.7,0.01268
B2C2Y1,3.71667,0.01257
Au1Sc1,3.73333,0.01245
Au2Ca1,3.75,0.01234
Rb1,3.76667,0.01223
O4Sn1Zn2,3.78333,0.01212
Al2Tb3,3.8,0.01201
Er3Os4Si13,3.81667,0.0119
Bi1K3Se3,3.83333,0.0118
Cd3Ho1,3.85,0.01169
In1Pt1Sr1,3.86667,0.01159
B1Pd3Yb1,3.88333,0.01149
C1Ti3Tl1,3.9,0.01139
O3Sr1Zr1,3.91667,0.01129
Ba3Ge5,3.93333,0.01119
Gd1Rh1,3.95,0.0111
Ir1Zr2,3.96667,0.011
Cr2Cu1S4,3.98333,0.01091
La1Rh1Sn2,4,0.01082
Ca1Ir2P2,4.01667,0.01072
P12Ru4Th1,4.03333,0.01063
Er4Ga12Pd1,4.05,0.01055
Al3C1Zr5,4.06667,0.01046
Tb1Tl1,4.08333,0.01037
Er1Ge1Sn1,4.1,0.01029
Hf1Pt3,4.11667,0.0102
Hf1O3Pb1,4.13333,0.01012
B2C1U1,4.15,0.01003
Cu1O1,4.16667,0.00995
Ca2O4Pb1,4.18333,0.00987
Ge1Pd1,4.2,0.00979
Co1Sb2,4.21667,0.00971
Hg1Yb1,4.23333,0.00964
Gd2O7Sn2,4.25,0.00956
Co2Nb1Sn1,4.26667,0.00948
Cl2Mg1,4.28333,0.00941
Cd1Ni4Tb1,4.3,0.00933
Hg5Pd2,4.31667,0.00926
Ag1O1Rb1,4.33333,0.00919
B1Rh6Ti2,4.35,0.00912
Co1Ni2S4,4.36667,0.00905
In1P1Pd5,4.38333,0.00898
Dy1In1Pd2,4.4,0.00891
Ca1O4Tl2,4.41667,0.00884
Os1,4.43333,0.00877
Lu3Os4Si13,4.45,0.00871
K1P2Rh2,4.46667,0.00864
Hg1Mn1,4.48333,0.00858
Ni16Si7Ta6,4.5,0.00851
Ir1Ti1,4.51667,0.00845
Al1O3Y1,4.53333,0.00838
Te1Ti1,4.55,0.00832
Sn2Th1,4.56667,0.00826
Er2O7Ru2,4.58333,0.0082
Mn2Sc1,4.6,0.00814
Pd1Si1Zr1,4.61667,0.00808
Ga1Ru1,4.63333,0.00802
Au1C2Cs1,4.65,0.00796
In4Ni1Sr1,4.66667,0.00791
Cd1In2S4,4.68333,0.00785
Hg1Ti1,4.7,0.00779
N1Ti2,4.71667,0.00774
Au1Cu4Dy1,4.73333,0.00768
Bi1Dy1Rh1,4.75,0.00763
S7Tb5,4.76667,0.00757
Al1Ba1Si1,4.78333,0.00752
Cu1In1La1,4.8,0.00747
Er2O7Tc2,4.81667,0.00741
Dy1Os2Si2,4.83333,0.00736
Ba1Ge1Zn1,4.85,0.00731
C1Sc3Tl1,4.86667,0.00726
Hg2Ho1,4.88333,0.00721
Nb1S2V0.333,4.9,0.00716
O3Pb1Zr1,4.91667,0.00711
Nb3Sb1,4.93333,0.00706
In1Pt1Th1,4.95,0.00702
N1Ni3Zn1,4.96667,0.00697
W2Zr1,4.98333,0.00692
C2Y1,5,0.00687
P1Ta1,0,0
Sn4Sr1,0.01667,0.00432
S2Si1,0.03333,0.01735
C1V1,0.05,0.03926
H2Ta1,0.06667,0.07003
C1Rh3Y1,0.08333,0.10913
Dy1In1Pt4,0.1,0.15549
C3Nb4,0.11667,0.20796
Ni3Sn1,0.13333,0.26611
Ge2In1Tb2,0.15,0.3302
Pd1Sb1Sc1,0.16667,0.40009
B4Rh4Y1,0.18333,0.47386
Cu3P1S4,0.2,0.5476
Al1La1,0.21667,0.6167
Cu1F3K1,0.23333,0.67778
Au2Ho5Sb1,0.25,0.72996
U1,0.26667,0.7755
Au2Ca1Si2,0.28333,0.82027
Pd1Sb1Zr1,0.3,0.87279
Fe1O2Sr1,0.31667,0.94173
Cd1Se2,0.33333,1.0329
Co1N1,0.35,1.14681
C1Rh3Yb1,0.36667,1.27689
B1Ta2,0.38333,1.40934
Pu1S1,0.4,1.52573
Al20La1V2,0.41667,1.60823
S3Sr1Zr1,0.43333,1.6457
Au4Yb1,0.45,1.63776
Ba1Cr1S2,0.46667,1.59376
B2Ru1Y1,0.48333,1.52656
Au1C2Rb1,0.5,1.4456
Ca1Zn13,0.51667,1.35467
Hg3Mg5,0.53333,1.25491
Na3Sb1Se4,0.55,1.14889
B1O4Ta1,0.56667,1.04127
La3Sb5Zr1,0.58333,0.93701
Ge2Mg1Y2,0.6,0.83973
I6Pd1Rb2,0.61667,0.75131
In1Sb1,0.63333,0.67231
Ir3Ti1,0.65,0.60252
Al1Pd1Y1,0.66667,0.5414
O1Rb2,0.68333,0.48823
Er1S1,0.7,0.44215
Ir5Th1,0.71667,0.40223
O3Sr1Tb1,0.73333,0.36759
Br1K1,0.75,0.33742
Au1Zr3,0.76667,0.31103
C1Ru3Zr1,0.78333,0.28781
Au1Li1Sb1,0.8,0.26729
Ga3Ho1,0.81667,0.24905
Ag1Y1,0.83333,0.23276
F3K1Ni1,0.85,0.21815
Tl1Yb1,0.86667,0.20498
Be1Pd1,0.88333,0.19306
Ru1Si1,0.9,0.18224
Al4C4Si1,0.91667,0.17237
Ca3N1Sn1,0.93333,0.16335
Er1Hg2,0.95,0.15507
Ag1Cr2Te4,0.96667,0.14746
Ge2Ho1Ni2,0.98333,0.14043
Dy1Si1,1,0.13393
Fe1O1,1.01667,0.12791
Ca1Se1,1.03333,0.12231
As1K3Se3,1.05,0.1171
Ni1P4Si3,1.06667,0.11223
Au1In1Y1,1.08333,0.10768
Ce1Tl3,1.1,0.10343
Na1O2,1.11667,0.09943
Ir2Sc1,1.13333,0.09568
Al2Ge1La2,1.15,0.09215
Ge1Mn1Ni2,1.16667,0.08882
Re2Y1,1.18333,0.08568
C1La3Tl1,1.2,0.08271
Pb1Te1,1.21667,0.07991
Cr1Te1,1.23333,0.07725
Cu1Hf1Si1,1.25,0.07473
Ir1S1Sb1,1.26667,0.07234
Dy1In3,1.28333,0.07006
B3Ru2,1.3,0.0679
B2Mg1Ni3,1.31667,0.06584
Al2Cd1Se4,1.33333,0.06388
C3Sc4,1.35,0.06201
Cr1Cu1O2,1.36667,0.06022
Hf2Ir1,1.38333,0.05851
Bi1Ni1Sc1,1.4,0.05688
Hf1P1V1,1.41667,0.05532
Mg5Pt10Si16,1.43333,0.05382
Ti1Zn3,1.45,0.05239
Hf3N1Zn3,1.46667,0.05102
Co2N1Ta4,1.48333,0.0497
Au2Er2Sn1,1.5,0.04843
Hf3In4,1.51667,0.04722
Al5Ba5Sn1,1.53333,0.04605
Hf5Ir3,1.55,0.04492
Al1Hf2,1.56667,0.04384
As1Cu1Sr1,1.58333,0.0428
Sb1Sr2,1.6,0.04179
B1Mg8Pt4,1.61667,0.04082
Ho1In1Ir1,1.63333,0.03989
Ba1Sn1,1.65,0.03899
Mo1P2,1.66667,0.03812
N1Tc2,1.68333,0.03728
C1Cd1,1.7,0.03647
C1In1La3,1.71667,0.03568
Fe1P1Zr1,1.73333,0.03492
Be13Ho1,1.75,0.03419
Ho1Rh1Si1,1.76667,0.03348
Ge1Te1,1.78333,0.03279
As2Rh2Sr1,1.8,0.03212
Be13Tb1,1.81667,0.03148
In1La2Pd2,1.83333,0.03085
Bi1Co1Zr1,1.85,0.03024
Ca1Cd1,1.86667,0.02966
Ba1Ir1P1,1.88333,0.02908
In1La1Pt1,1.9,0.02853
As1B1,1.91667,0.02799
Li1Pt7,1.93333,0.02747
La1Sn3,1.95,0.02696
Ca1In1Pt1,1.96667,0.02647
Bi4La3Pt3,1.98333,0.02599
Au1Be5,2,0.02552
Ho1Pd2Sn1,2.01667,0.02507
Pt1Sc1Zn1,2.03333,0.02463
Ho1Ir1Si3,2.05,0.0242
Si2W3,2.06667,0.02378
Ag2In1La1,2.08333,0.02337
Cu4Er1Pd1,2.1,0.02297
Ru4Sn6Y1,2.11667,0.02259
H3Mg1Na1,2.13333,0.02221
Hg2Mg1,2.15,0.02184
Al16Pt7Ti6,2.16667,0.02149
Ni1Sb1Ti1,2.18333,0.02114
Dy1Ir3,2.2,0.0208
Mg1N2Si1,2.21667,0.02046
Er2Hf2O7,2.23333,0.02014
F6K3W1,2.25,0.01982
La1Ni1O2,2.26667,0.01952
Mg1Se1,2.28333,0.01921
Ba1Ge1Pt1,2.3,0.01892
Lu1Te2,2.31667,0.01863
In1Tb2,2.33333,0.01835
La1Pt5,2.35,0.01808
Li9N1S3,2.36667,0.01781
Mn2O7Tl2,2.38333,0.01755
La3Rh4Sn13,2.4,0.01729
Ag1In1Te2,2.41667,0.01704
F2Pd1,2.43333,0.01679
Ag2In1Y1,2.45,0.01655
Ni1P1Pd1,2.46667,0.01632
Ag3Na1S2,2.48333,0.01609
C2Er2Re1,2.5,0.01586
P1Th1,2.51667,0.01564
Pd3Tl1,2.53333,0.01543
As2Cd1Sr2,2.55,0.01522
Cd1I2,2.56667,0.01501
Al1Dy1,2.58333,0.01481
Gd3In1N1,2.6,0.01461
Co4Er3Ge13,2.61667,0.01442
Ge13Ir4Y3,2.63333,0.01423
Ge2Ho1Ru2,2.65,0.01404
Ca3Rh4Sn13,2.66667,0.01386
B1,2.68333,0.01368
Cd1O6Sb2,2.7,0.0135
Ca1In4Rh1,2.71667,0.01333
Li2Pd1Sb1,2.73333,0.01316
Au1O1Rb1,2.75,0.013
Ni12P7Yb2,2.76667,0.01283
Ag1Dy1,2.78333,0.01267
Ir2Si2Y1,2.8,0.01252
Cd1Cr2S4,2.81667,0.01236
Al10V1,2.83333,0.01221
Ho1Mg1Sn1,2.85,0.01206
Sr1,2.86667,0.01192
Al1Mn1Pt1,2.88333,0.01178
H2Nb1,2.9,0.01164
Sr1Zn13,2.91667,0.0115
Ir5Sn7,2.93333,0.01136
O4P1Tb1,2.95,0.01123
Pd3Ti1,2.96667,0.0111
B1Zr1,2.98333,0.01097
Hf1O4Si1,3,0.01085
S2Sn0.33Ta1,3.01667,0.01072
Pb1Rh1,3.03333,0.0106
F4K2Mg1,3.05,0.01048
Ni1O1,3.06667,0.01036
Be22Mo1,3.08333,0.01025
Cs1N3,3.1,0.01014
C20,3.11667,0.01002
In1Pt2Zr1,3.13333,0.00991
Ce2N2Se1,3.15,0.00981
In1Sc2,3.16667,0.0097
C2Na2Pd1,3.18333,0.0096
Al1Tb1,3.2,0.00949
H3K1Mg1,3.21667,0.00939
Ba1Ga4,3.23333,0.00929
P2Rh2Sr1,3.25,0.00919
Cu6O8Pb1,3.26667,0.0091
C3Nb4Si1,3.28333,0.009
Ir2La1Si2,3.3,0.00891
Au3Zn1,3.31667,0.00882
Cd3N2,3.33333,0.00873
Ag3O4P1,3.35,0.00864
Mo3Zr1,3.36667,0.00855
Ir4Sn13Sr3,3.38333,0.00846
Ga1Sc1,3.4,0.00838
Be13Sr1,3.41667,0.0083
Ni1Rh2S4,3.43333,0.00821
Dy1Ir2,3.45,0.00813
Eu1Te1,3.46667,0.00805
Cu1Fe2Ge2,3.48333,0.00797
Au3Ge1Na1,3.5,0.0079
Tl3U1,3.51667,0.00782
Bi1O3Rb3,3.53333,0.00774
Os1Si1Zr1,3.55,0.00767
Cd1Er2S4,3.56667,0.0076
Co1Ga1Hf1,3.58333,0.00752
Ba1S3Zr1,3.6,0.00745
Au1Dy1,3.61667,0.00738
Ge6Lu4Ru7,3.63333,0.00731
Ca3N1P1,3.65,0.00724
Te1,3.66667,0.00718
Br6K2Pt1,3.68333,0.00711
Mn1Ni2Sb1,3.7,0.00705
In1Pt3,3.71667,0.00698
Ag1Nb1O3,3.73333,0.00692
F6K2Si1,3.75,0.00686
Al7Cu16Yb6,3.76667,0.00679
Dy1Mg1Pd1,3.78333,0.00673
Cs1I1,3.8,0.00667
Ge2Mg1Tb2,3.81667,0.00661
Ni2Sc1Sn1,3.83333,0.00655
Au2Si2Tb1,3.85,0.0065
Re2W1,3.86667,0.00644
Ag1In1O2,3.88333,0.00638
Pb1Pt5Si1,3.9,0.00633
Ca2Si1,3.91667,0.00627
Cd2La1,3.93333,0.00622
Pt1Sn1Y1,3.95,0.00616
C1Nb2P1,3.96667,0.00611
Ge13Ir4Yb3,3.98333,0.00606
O4Sb1V1,4,0.00601
Ag1In1S2,4.01667,0.00596
O2Th1,4.03333,0.00591
Ni1Sb1Tb1,4.05,0.00586
B2Ho1Os1,4.06667,0.00581
B3Nb2,4.08333,0.00576
Mo3Os1,4.1,0.00571
Dy3Rh1,4.11667,0.00567
Fe1Ru2Si1,4.13333,0.00562
La1Zn1,4.15,0.00557
Fe1Si1Ta1,4.16667,0.00553
Bi1F4K1,4.18333,0.00548
Au2Ga1,4.2,0.00544
Pt1Sc1Si1,4.21667,0.0054
Ca7Cl2H12,4.23333,0.00535
Ge1Ni2,4.25,0.00531
Hg3Y1,4.26667,0.00527
Ca1Cd2,4.28333,0.00523
Cu1Ti2,4.3,0.00519
As1Co1S1,4.31667,0.00515
As1Pt5Zn1,4.33333,0.00511
Al1Hf1Pt1,4.35,0.00507
As4Pa3,4.36667,0.00503
Ga1Ho1Pt1,4.38333,0.00499
Ga12Lu4Pd1,4.4,0.00495
Sr1Tl2,4.41667,0.00491
Co2Fe1Ga1,4.43333,0.00487
Fe2Ga1V1,4.45,0.00484
C2Mg1,4.46667,0.0048
Cu2La1Si2,4.48333,0.00476
Cr3Nb1,4.5,0.00473
Gd2Hf2O7,4.51667,0.00469
Ag1N1,4.53333,0.00466
Li2Mg8Si4,4.55,0.00462
Sb1V3,4.56667,0.00459
As1Ge1,4.58333,0.00456
Rh2Tb1,4.6,0.00452
Bi1Dy1Ni1,4.61667,0.00449
Cs1F3Sr1,4.63333,0.00446
Hf3Rh5,4.65,0.00442
As3V5,4.66667,0.00439
H1Ti1,4.68333,0.00436
Au1Ca1Sb1,4.7,0.00433
Ni2Zr1,4.71667,0.0043
Se1,4.73333,0.00427
Ag1P1Pt5,4.75,0.00424
B6Ni21Zr2,4.76667,0.00421
Bi1N1Sr3,4.78333,0.00418
Ge1Ir1Tb1,4.8,0.00415
Re1Si2,4.81667,0.00412
Er4In1Rh1,4.83333,0.00409
Au1Ho2,4.85,0.00406
Si1Sr2,4.86667,0.00403
Ge1Pd2,4.88333,0.00401
As1Er1Pt1,4.9,0.00398
Os2Th1,4.91667,0.00395
Nb3Rh1Se6,4.93333,0.00392
Tl1,4.95,0.0039
In1Pd2Zr2,4.96667,0.00387
Ru1,4.98333,0.00384
Mg1S4Sc2,5,0.00382
Ce1Co1Si3,0,0
Rh1Zr1,0.01667,0.00532
Ga3Ho1Ru1,0.03333,0.0215
H1Mg1Ni1,0.05,0.04908
Bi1Pt1,0.06667,0.08865
Ga6Mn1Tb2,0.08333,0.14032
Mn1Nb3S6,0.1,0.20284
Hg1Mg2,0.11667,0.27312
Ge1Li2O3,0.13333,0.34668
Ge3Ir2Tb3,0.15,0.41953
Cl4U1,0.16667,0.49036
C1Tl1Y3,0.18333,0.56145
Bi1O3Rh1,0.2,0.63771
Er1Te1,0.21667,0.72489
In1La1Pt4,0.23333,0.82805
Ag1Au1F4,0.25,0.95086
Au1Li2Tl1,0.26667,1.09593
Mn3N1Zn1,0.28333,1.26588
Dy1Ni1Sb1,0.3,1.46377
Al1C1Ti2,0.31667,1.69137
Re5Si3,0.33333,1.94545
Na1O3W1,0.35,2.21389
Au1Lu1Sn1,0.36667,2.47402
B1Rh1,0.38333,2.69555
Bi1Ti2,0.4,2.84953
Fe1Zr2,0.41667,2.91863
Al4Er1Ni1,0.43333,2.90153
Au1In2,0.45,2.80895
B1Rh3Zr1,0.46667,2.65746
Er1Ga3,0.48333,2.46483
Ba1Si2Zn2,0.5,2.24811
Al2Tb1,0.51667,2.0229
Ba2Ge1,0.53333,1.80253
Th3Tl5,0.55,1.59699
As1Zr1,0.56667,1.41217
As1U1,0.58333,1.2502
Au1Li3,0.6,1.11044
B3Ni1W3,0.61667,0.9908
Na3Sb1Te3,0.63333,0.88858
Se1Ti1,0.65,0.80111
Dy1Ni1P1,0.66667,0.72601
Ru2Si3,0.68333,0.66118
Cr1La1Se3,0.7,0.60494
Al1Er1Pd1,0.71667,0.55587
Be2Zr1,0.73333,0.5128
H2Hf1,0.75,0.47481
Mg1O6Pt3,0.76667,0.44112
As1La1Te1,0.78333,0.41109
Os1Zr1,0.8,0.38422
Dy1Ir1Si3,0.81667,0.36005
Dy3Ni2,0.83333,0.33823
Si1Th1,0.85,0.31846
Cd1Sr1,0.86667,0.30048
As1Ba1Li1,0.88333,0.28408
Co1Rh2S4,0.9,0.26907
Cl6Sn1Tl2,0.91667,0.25529
Er2In1,0.93333,0.24261
H1Ho1Se1,0.95,0.23091
C1Ho3Tl1,0.96667,0.22008
Al1Ti1Zr2,0.98333,0.21005
Dy1Sn2,1,0.20072
Bi1Li1Sr1,1.01667,0.19204
Al2Au2Th1,1.03333,0.18394
B2Ir1Mo2,1.05,0.17638
Ca1Cd1Sn1,1.06667,0.16929
Cu1Ho1Si1,1.08333,0.16265
Dy1Ni2P2,1.1,0.15641
O2V1,1.11667,0.15055
Cd11La1,1.13333,0.14502
B1Pb1Sc3,1.15,0.13981
K2Mg5Sn3,1.16667,0.13489
Cs2I6Te1,1.18333,0.13024
B12Er1,1.2,0.12583
B1V1,1.21667,0.12166
Na3S3Sb1,1.23333,0.1177
Ir1Th1,1.25,0.11393
Ge1Ru1,1.26667,0.11036
Br2Ca1,1.28333,0.10696
Cl1Cs1,1.3,0.10372
Bi3La4,1.31667,0.10063
Ag2Mo1O4,1.33333,0.09768
Ag1Ho1Se2,1.35,0.09486
Cd1Ho1Ni4,1.36667,0.09217
Cu2Ho2In1,1.38333,0.0896
Li2Se1,1.4,0.08714
Cs1Na1S1,1.41667,0.08478
N1Pd1,1.43333,0.08252
Ga1Y1,1.45,0.08035
Pd3Zr1,1.46667,0.07827
Mg2Si1,1.48333,0.07628
Ni1S2,1.5,0.07436
Rh1Si1Zr1,1.51667,0.07251
Ge1Mg2O4,1.53333,0.07074
Cs1S2Tb1,1.55,0.06903
Co4Ge13Y3,1.56667,0.06738
Cu1Er1Si1,1.58333,0.0658
Pt1Sn1U1,1.6,0.06427
O2Ru1,1.61667,0.06279
Ho1In1,1.63333,0.06137
Ho1Tl1,1.65,0.06
Ca3O1Sn1,1.66667,0.05867
Ba1Zn13,1.68333,0.05739
Mn2Sn1W1,1.7,0.05615
Cu1Nb4Si1,1.71667,0.05495
Ge3Pd1Sr1,1.73333,0.0538
Pb1Sr1Zn1,1.75,0.05267
As2Ca1Pd2,1.76667,0.05159
Al6Re1,1.78333,0.05054
Co1Sn1Y1,1.8,0.04952
C1Th1,1.81667,0.04853
P7Pd9Zr5,1.83333,0.04757
Rh1Tb1,1.85,0.04664
Ba1Hf1N2,1.86667,0.04574
Ag2Sc1,1.88333,0.04487
As1Pd1Tb1,1.9,0.04402
Al1Th1,1.91667,0.04319
P2Rh1,1.93333,0.04239
C2Na1,1.95,0.04161
Pt1Si1Sr1,1.96667,0.04085
Ba3O5Si1,1.98333,0.04012
Ge6Ho2Ni1,2,0.0394
K3S3Sb1,2.01667,0.0387
Cu4Mn1Sn1,2.03333,0.03803
As2Sn1Zn1,2.05,0.03737
Si1Ti1Y1,2.06667,0.03672
In1Pt2Y1,2.08333,0.0361
Cd1F2,2.1,0.03549
Ho2S3,2.11667,0.03489
Ni1O1Zr3,2.13333,0.03432
Dy1Mg1Sn1,2.15,0.03375
Er5Ni1Pb3,2.16667,0.0332
Ag2In1Tb1,2.18333,0.03266
Co2Ge1Zn1,2.2,0.03214
C1Tl1,2.21667,0.03163
Ge2La1Rh2,2.23333,0.03113
Ir3Mg3Si8,2.25,0.03064
Ca3Ge1O1,2.26667,0.03017
Cu3Sb4Tb3,2.28333,0.02971
Bi1O2Y2,2.3,0.02925
C2Er1,2.31667,0.02881
Al3U1,2.33333,0.02838
Dy2O7V2,2.35,0.02795
Ag1Bi1Li2,2.36667,0.02754
Ga1Pd1Tb1,2.38333,0.02714
Cd2Dy1,2.4,0.02674
F3Hg1Rb1,2.41667,0.02636
Hf1Mo1P1,2.43333,0.02598
La1Pd1,2.45,0.02561
In1Li2Pd1,2.46667,0.02525
Os3Ti1,2.48333,0.02489
Cd1Cu1Sb1,2.5,0.02455
Cu1Er1Pb1,2.51667,0.02421
Co1Ge1V1,2.53333,0.02387
Er1Rh5,2.55,0.02355
Al1Sc1,2.56667,0.02323
Na1P1Sr1,2.58333,0.02292
Ba6C60,2.6,0.02261
Fe1Pd3,2.61667,0.02231
Bi1Ho1Ni1,2.63333,0.02202
As1Nb3Te3,2.65,0.02173
Co1P1Zr4,2.66667,0.02145
Ga1Ni2V1,2.68333,0.02117
Rh1Sb2,2.7,0.0209
V2Zr1,2.71667,0.02064
Bi1Nd1Pd1,2.73333,0.02038
In1S2Tl1,2.75,0.02012
F4Pb1,2.76667,0.01987
As7Mg6Ni16,2.78333,0.01962
Ag2O1,2.8,0.01938
Bi2O7Rh2,2.81667,0.01914
S1Ta1,2.83333,0.01891
Ni1Sn1Y1,2.85,0.01868
Ag1La1Pb1,2.86667,0.01846
C1Ho1Rh3,2.88333,0.01824
H1Pd3Tl1,2.9,0.01802
Cd1Ho2Se4,2.91667,0.01781
La3Tl1,2.93333,0.0176
La1Pd5,2.95,0.01739
Ba3Pb5,2.96667,0.01719
Ho1Sn3,2.98333,0.017
Cu2Zn1Zr1,3,0.0168
K1Mn1Te2,3.01667,0.01661
As1Gd1,3.03333,0.01642
B2Ce1Ir3,3.05,0.01624
Cl6K2Ti1,3.06667,0.01606
Al1Ru1,3.08333,0.01588
Cd1La1Pd1,3.1,0.0157
Au1Ti3,3.11667,0.01553
Pd1Se2Tl2,3.13333,0.01536
C1Nb4Ni2,3.15,0.01519
Ir1Si3Y1,3.16667,0.01503
Ca3H2Pb1,3.18333,0.01487
Ba1Hg1,3.2,0.01471
Pd1Sb2,3.21667,0.01455
Ni1Si2,3.23333,0.0144
Cu1F3Rb1,3.25,0.01425
Cs2S2,3.26667,0.0141
Ir1Sb1,3.28333,0.01395
Au1Cs1,3.3,0.01381
C1Sc3Sn1,3.31667,0.01366
Bi1N2Th2,3.33333,0.01352
N1Ni2Zr4,3.35,0.01339
C1Nb4Zn2,3.36667,0.01325
Dy2Ge2In1,3.38333,0.01312
Bi2Ir1,3.4,0.01299
C1Ca1Pd3,3.41667,0.01286
Al1N3V4,3.43333,0.01273
Pd2Si1,3.45,0.0126
Dy1Mg1,3.46667,0.01248
Au1Mn1Sn1,3.48333,0.01236
Dy2In1Pd2,3.5,0.01224
Dy4Ge6Rh7,3.51667,0.01212
La1Pd3S4,3.53333,0.012
Pb1Pd2Tb2,3.55,0.01189
Pb1Th1,3.56667,0.01177
Pd1Sr1Tl2,3.58333,0.01166
Ge7Ir3,3.6,0.01155
Ho1N1,3.61667,0.01144
C1Hf2S1,3.63333,0.01134
Bi1Ca1Cu1,3.65,0.01123
Au1Hf2,3.66667,0.01113
Ag1Cd1,3.68333,0.01102
Br1Na1,3.7,0.01092
Be2Si1,3.71667,0.01082
Dy1Pt2,3.73333,0.01072
Ca1Cd1Pb1,3.75,0.01063
Cu1Hf2,3.76667,0.01053
Ir1Li2Mg1,3.78333,0.01044
Na2Te1,3.8,0.01034
Sr1Tl1,3.81667,0.01025
C1Pb1Pd3,3.83333,0.01016
Cu1Ge6Y2,3.85,0.01007
P1V1Zr1,3.86667,0.00998
Hf1P1,3.88333,0.0099
Hf1In1Ni2,3.9,0.00981
Au1Tb1,3.91667,0.00972
F3K1Pd1,3.93333,0.00964
B3H12Y1,3.95,0.00956
In1La2Rh2,3.96667,0.00948
Er1Pt1Si1,3.98333,0.0094
As1Ni1Se1,4,0.00932
Si1Zr1,4.01667,0.00924
As1Pd5Tl1,4.03333,0.00916
Al1Ge1Y1,4.05,0.00908
Ga1Ge1Li1,4.06667,0.00901
Ca1Ir1Sn2,4.08333,0.00893
C1Co2Ta4,4.1,0.00886
La1Mn1O3,4.11667,0.00879
Cu1Ge1Sc1,4.13333,0.00871
I1Tl1,4.15,0.00864
Mg3Ni2Ti1,4.16667,0.00857
Ho1Ir2Si2,4.18333,0.0085
B2C2Tb1,4.2,0.00844
Be13Ce1,4.21667,0.00837
Cd1N1Ni3,4.23333,0.0083
Ca1O4S1,4.25,0.00824
Rh1Sn1Zr1,4.26667,0.00817
C1Nb3Ni3,4.28333,0.00811
O1Pd2Zr4,4.3,0.00804
Br1La5Sn3,4.31667,0.00798
Hf1Os3,4.33333,0.00792
Ho1Mn6Sn6,4.35,0.00786
Al2Cu1Mg1,4.36667,0.00779
Cu1Sn3Zr5,4.38333,0.00773
Bi1Co1O3,4.4,0.00768
Co2Ga1Mn1,4.41667,0.00762
Bi1Ca3N1,4.43333,0.00756
Fe2Hf1,4.45,0.0075
Ca1Pb1Sr1,4.46667,0.00744
Ba1Cd1Ge1,4.48333,0.00739
O4V1Y1,4.5,0.00733
Cu4In1Yb1,4.51667,0.00728
Nb1Rh1Sb1,4.53333,0.00722
Ag1Sb3Zr5,4.55,0.00717
Ho1Ir1,4.56667,0.00712
As2La1Ni2,4.58333,0.00707
Ge1Rh2,4.6,0.00701
Ir3Zr1,4.61667,0.00696
Al1Tb2,4.63333,0.00691
Cd1Cl8Na6,4.65,0.00686
Cd1Dy2S4,4.66667,0.00681
La1Ni2Rh3,4.68333,0.00676
S3Tb2,4.7,0.00671
H2W1,4.71667,0.00667
Sn3Tb5,4.73333,0.00662
Mg3N2,4.75,0.00657
Cu2Sc1,4.76667,0.00653
B1F5Li2,4.78333,0.00648
Ru1Si1Zr1,4.8,0.00643
Ga12Ho4Pd1,4.81667,0.00639
Sr1Zn5,4.83333,0.00634
F3K1Mg1,4.85,0.0063
Al1Ni1,4.86667,0.00626
Ca1Sn1Sr1,4.88333,0.00621
P4Pa3,4.9,0.00617
Ga1Gd3O6,4.91667,0.00613
Au1Ca1In1,4.93333,0.00609
Ag1Er1S2,4.95,0.00605
Rb2S1,4.96667,0.006
Mn1Ni6O8,4.98333,0.00596
Au1Er1In1,5,0.00592
Ge1Mn1Rh2,0,0
Fe1N2W1,0.01667,0.00481
Cl2Hg2,0.03333,0.01916
Cr1La1S3,0.05,0.04271
Cl6Rb2Te1,0.06667,0.07456
Bi1Cr1O3,0.08333,0.11307
Ge6Ir7Sc4,0.1,0.15598
H1K1,0.11667,0.20159
Cs1Gd1S2,0.13333,0.24991
Hg1La1Pd1,0.15,0.30316
F2Pb1,0.16667,0.36522
Tb1Tl3,0.18333,0.44101
Ge3Rh5,0.2,0.53598
H1Ta2,0.21667,0.65553
Au3Sb4Y3,0.23333,0.80404
Cr2O6W1,0.25,0.9834
B1Sc3Tl1,0.26667,1.19136
Ho1Mg1,0.28333,1.42105
O7Ru2Tb2,0.3,1.66228
La2Pb1Pd2,0.31667,1.90389
Mg3Ni20P6,0.33333,2.13434
S1Se1U1,0.35,2.34099
B1C1Li1,0.36667,2.51113
Rh2S3,0.38333,2.63516
N1Nd1,0.4,2.70802
Ag2Ba1,0.41667,2.72737
Cu2Dy1Ge2,0.43333,2.69212
B1Sb1,0.45,2.6034
Co2Si1Ti1,0.46667,2.46649
F1Na1,0.48333,2.29147
Co1O3Se1,0.5,2.09208
H2.25La1,0.51667,1.88325
Rh2Sn1,0.53333,1.67844
Nb3Pt1,0.55,1.48764
Al18Mg3Mo2,0.56667,1.31648
C60Sr6,0.58333,1.16676
Au1La2,0.6,1.0377
Ge1Ni1Ti1,0.61667,0.92722
Ga3Ru1Tb1,0.63333,0.83278
O3Rb1U1,0.65,0.75188
Cd1P2,0.66667,0.68233
Au1K1Se2,0.68333,0.62221
Cl2Sr1,0.7,0.56997
C1Mg3Zn1,0.71667,0.52432
Li1P1Sr1,0.73333,0.4842
O3Pb1Sr1,0.75,0.44876
Dy1Hg3,0.76667,0.41729
Cd1Cu4Er1,0.78333,0.3892
Cd1Zr2,0.8,0.36403
Pd1Sc1,0.81667,0.34137
Be1Cu1,0.83333,0.3209
P1Rh1Ta1,0.85,0.30233
Co2Hf1Sn1,0.86667,0.28542
Be1Pd3,0.88333,0.26998
Au2In1Tb1,0.9,0.25584
Hf1Tc2,0.91667,0.24285
Te12Th7,0.93333,0.23088
Fe1Si1Zr1,0.95,0.21983
F3Mg3N1,0.96667,0.20961
B1Mo2,0.98333,0.20012
Se1Yb1,1,0.1913
Bi5La3Sc1,1.01667,0.18308
Cr2Hf1,1.03333,0.17541
Cr1N1Nb1,1.05,0.16824
Cd1La2Rh2,1.06667,0.16153
Au2Tb1,1.08333,0.15522
Cl6K2Re1,1.1,0.14931
Ho1Rh1Zn1,1.11667,0.14374
Cs2Pt1,1.13333,0.13849
Ge1Sc1,1.15,0.13354
Dy2Ge2Mg1,1.16667,0.12886
Mg2Tb1,1.18333,0.12444
Al1Au2Sc1,1.2,0.12025
O7P2Si1,1.21667,0.11628
Al16Hf6Os7,1.23333,0.11251
B2Mo3,1.25,0.10893
N1Ti1,1.26667,0.10553
N2Te1Th2,1.28333,0.10229
Ba1O3Zr1,1.3,0.0992
As1Na3,1.31667,0.09626
Cd1Li2Sb1,1.33333,0.09345
Ba1Hg1S2,1.35,0.09076
Au2Ca1Ge2,1.36667,0.0882
N1,1.38333,0.08575
Ir1Mo3,1.4,0.0834
Br6Cs2Pt1,1.41667,0.08115
Br4Ti1,1.43333,0.07899
Fe1Hf1Si1,1.45,0.07692
Hf3Ni2Si3,1.46667,0.07494
Ho5S7,1.48333,0.07303
Ru1Sc1Si1,1.5,0.0712
C2Dy1Ni1,1.51667,0.06944
Se1Sn1,1.53333,0.06774
Cd1Ge2Tb2,1.55,0.06611
C1Nb2S1,1.56667,0.06454
Lu1Pb2,1.58333,0.06302
Na4Si23,1.6,0.06156
Hg11Rb1,1.61667,0.06016
Ag1Bi1Yb1,1.63333,0.0588
Ho2In1Ni2,1.65,0.05748
Ga1Sn3Zr5,1.66667,0.05622
O5Ta2,1.68333,0.05499
La2O2Te1,1.7,0.05381
Ir2S3Sn3,1.71667,0.05266
Ag1Mg1,1.73333,0.05155
Dy2Rh3Sn5,1.75,0.05048
Cd1Co1Dy4,1.76667,0.04944
Al2Sr1,1.78333,0.04844
Ag1Cu4U1,1.8,0.04746
Rh1Sc1Si1,1.81667,0.04652
B1Ni3,1.83333,0.0456
Mo1Rh1,1.85,0.04471
Ni1Sb1Se1,1.86667,0.04385
Ce2Ni12P7,1.88333,0.04301
Ag2Tb1,1.9,0.0422
N2Se1Zr2,1.91667,0.04141
Br1F1Sr1,1.93333,0.04064
Er1Pd1Tl1,1.95,0.0399
Ba1Ga2Se4,1.96667,0.03917
Cd1La4Ru1,1.98333,0.03847
O3Sr1Ti1,2,0.03778
Hf1Pd1Si1,2.01667,0.03711
Br9Rb3Sb2,2.03333,0.03646
Cd1Er2Se4,2.05,0.03583
F2Hg2,2.06667,0.03522
Mo3Pt1,2.08333,0.03462
Ge2Pd2Th1,2.1,0.03403
Al1F5K2,2.11667,0.03347
F2Ni1,2.13333,0.03291
Al1Mg3Pt2,2.15,0.03237
Al3Ta1,2.16667,0.03184
Al1F3,2.18333,0.03133
Be13Th1,2.2,0.03083
In3Pr1,2.21667,0.03034
Ca1In2,2.23333,0.02986
Mn1Rh1Sb1,2.25,0.02939
As4Ge3,2.26667,0.02894
B1Ir3Sc1,2.28333,0.02849
Li2S1,2.3,0.02806
Cl4Mg1Na2,2.31667,0.02764
La1Si1,2.33333,0.02722
Cd1Dy2Ge2,2.35,0.02682
B4Ta3,2.36667,0.02642
Na2Pd1Se2,2.38333,0.02603
Rh1Sn1,2.4,0.02566
B2Ti1,2.41667,0.02529
Au1Ti1,2.43333,0.02492
As1K1Mg1,2.45,0.02457
As1Au1Ca1,2.46667,0.02422
As1Fe1Nb1,2.48333,0.02388
Ba1O3Pu1,2.5,0.02355
B1C2Sc2,2.51667,0.02323
Si2Th1,2.53333,0.02291
Ba1Ir2P2,2.55,0.0226
Al3C3Tb1,2.56667,0.02229
Ir3Si1,2.58333,0.02199
Ga2Ta3,2.6,0.0217
Dy1Mg3,2.61667,0.02141
Ag1I1,2.63333,0.02113
Hg1K1Sb1,2.65,0.02085
Hg1P1Pd5,2.66667,0.02058
Al1Pt1Zr1,2.68333,0.02032
Ca1Li1N1,2.7,0.02006
Co3Fe1,2.71667,0.0198
Be2Hf1,2.73333,0.01955
Al3C3Gd1,2.75,0.01931
Mn3N1Pd1,2.76667,0.01907
As1Rh2,2.78333,0.01883
Cu1S2,2.8,0.0186
F1K1,2.81667,0.01837
Er2Mg1,2.83333,0.01815
Al3Hf1,2.85,0.01793
Pt3V1,2.86667,0.01771
P7Ru12Sc2,2.88333,0.0175
Ni1Sb1Y1,2.9,0.01729
Si1,2.91667,0.01709
As1In1,2.93333,0.01689
Ge2Ru2Tb1,2.95,0.01669
Cl6Cs2Pt1,2.96667,0.0165
Dy1Rh1Sn1,2.98333,0.01631
Cl4Hg3O1,3,0.01612
Dy4Ge6Ir7,3.01667,0.01594
Cu2Er1In1,3.03333,0.01576
C2Pu1W1,3.05,0.01558
La2O2S1,3.06667,0.01541
B2C2Dy1,3.08333,0.01524
Be1Li1Sb1,3.1,0.01507
Pd1Sb1Yb1,3.11667,0.0149
Cu3N1Pd0.25,3.13333,0.01474
Co1Sb3,3.15,0.01458
Cd1O2Rb2,3.16667,0.01442
Cu1K1Se1,3.18333,0.01427
La2O7Ti2,3.2,0.01412
Hf1Os1,3.21667,0.01397
K5Sb4,3.23333,0.01382
Ga1O3Pr1,3.25,0.01367
Pb1S1,3.26667,0.01353
Be1Mo3,3.28333,0.01339
Ho1Tl3,3.3,0.01325
Co1Hf1,3.31667,0.01312
Ca5P8,3.33333,0.01298
Hf1Pt1,3.35,0.01285
Al1Pt1Ti1,3.36667,0.01272
As2Mg3,3.38333,0.01259
La1Pb3,3.4,0.01246
Al3Sc1,3.41667,0.01234
Cd1Dy4Rh1,3.43333,0.01222
La1P1,3.45,0.0121
As1Bi1O4,3.46667,0.01198
N1Zr1,3.48333,0.01186
As1Sr1,3.5,0.01175
H2Sc1,3.51667,0.01163
Er1Pt2Si2,3.53333,0.01152
B2Li2Rh3,3.55,0.01141
O2Zr1,3.56667,0.0113
Au3Ho3Sb4,3.58333,0.01119
Ru1Sb1Zr1,3.6,0.01109
O1Zr3,3.61667,0.01098
Cl1K1,3.63333,0.01088
Mg1Tl1,3.65,0.01078
As1Ba1Cu1,3.66667,0.01068
Sb1Sn1,3.68333,0.01058
Ce1Ga1Ni1,3.7,0.01048
Cu2Ge2La1,3.71667,0.01039
Ni3S4,3.73333,0.01029
B1H4Na1,3.75,0.0102
Mg1O6Ta2,3.76667,0.01011
Cu1Mg1Sn1,3.78333,0.01002
La3Sn4,3.8,0.00993
Al2Au1,3.81667,0.00984
Ba3S5Ti1,3.83333,0.00975
Hf1Ni1Si1,3.85,0.00967
K8Si46,3.86667,0.00958
Cr1P1,3.88333,0.0095
B4Os3Sc1,3.9,0.00942
B1Ho1Rh3,3.91667,0.00934
Ba3P4,3.93333,0.00926
Rh1Sn1Y1,3.95,0.00918
Au3Sb4Tb3,3.96667,0.0091
Ru1Si3Th1,3.98333,0.00902
Al1Au1Dy1,4,0.00894
Ag1Pt3,4.01667,0.00887
Co1P3,4.03333,0.00879
Ca2Pb1,4.05,0.00872
Cr1,4.06667,0.00865
Hf1Mo2,4.08333,0.00858
Hg1Sn1Sr1,4.1,0.00851
Be1N2Si1,4.11667,0.00844
Pa1Pt5,4.13333,0.00837
Au2Ho1In1,4.15,0.0083
B12Dy1,4.16667,0.00823
Cu4Mg1Y1,4.18333,0.00816
Au2Bi1Tb5,4.2,0.0081
Cu1Sn1Tb1,4.21667,0.00803
O1Zn1,4.23333,0.00797
La1Pd1Sn1,4.25,0.00791
Ge1Mg1N2,4.26667,0.00784
Pb1Pu3,4.28333,0.00778
Os2Si2Y1,4.3,0.00772
In3Zr1,4.31667,0.00766
Pd1Ta1,4.33333,0.0076
In1Lu2Pd2,4.35,0.00754
Ag1Dy1Te2,4.36667,0.00748
Ni12P7Sc2,4.38333,0.00743
Mg6Ni16Si7,4.4,0.00737
Al2Cd1Te4,4.41667,0.00731
Al3C4Zr2,4.43333,0.00726
Ge2Pt1,4.45,0.0072
Ge1Li2Zn1,4.46667,0.00715
La2Sb1,4.48333,0.00709
Al1Ba1Ge1,4.5,0.00704
Al1Pt1Th1,4.51667,0.00699
Hf1O2,4.53333,0.00694
Fe1H6Sr2,4.55,0.00688
Cu1Si1Y1,4.56667,0.00683
Ge1Mn3,4.58333,0.00678
Ca1H3Rb1,4.6,0.00673
Nb1Te4,4.61667,0.00668
Pd1S1Sb1,4.63333,0.00664
Ga1Li1Se2,4.65,0.00659
Er1H1,4.66667,0.00654
I1K3O1,4.68333,0.00649
Ru3Si2Th1,4.7,0.00645
O4Si1Zr1,4.71667,0.0064
Na1O4Pt3,4.73333,0.00635
Ba1Pd1S2,4.75,0.00631
Al16Pd7Sc6,4.76667,0.00627
Au4Cr1,4.78333,0.00622
Ga1Li1Mg2,4.8,0.00618
N1Rh1,4.81667,0.00613
Ca1Pd2Si2,4.83333,0.00609
Ir1Nb1,4.85,0.00605
Ru2Sn3,4.86667,0.00601
Au1Zn1,4.88333,0.00597
Mo1Pt2,4.9,0.00592
Ho1S1,4.91667,0.00588
Mg1Pd1Sb1,4.93333,0.00584
B6Ba1,4.95,0.0058
P1Rh2,4.96667,0.00576
Au1O2Rb1,4.98333,0.00573
Ho1Re2,5,0.00569
Er1Ge1Ru1,0,0
Ca2Nb2O7,0.01667,0.0047
Al2Au2Dy1,0.03333,0.01896
P4Th3,0.05,0.04312
Ga1S8Ti4,0.06667,0.07745
Ag1Cd1Sb1,0.08333,0.12157
Mg2Sr1,0.1,0.17374
H2Mg1Ni1,0.11667,0.23053
Cl6Cs2Ge1,0.13333,0.28795
Al1Au1Yb1,0.15,0.34388
Mn2O5Sr2,0.16667,0.39985
Pb1Se2,0.18333,0.46075
Er2O7Sn2,0.2,0.53305
In2O3,0.21667,0.62307
C1Ta1,0.23333,0.73617
Si2Sr1,0.25,0.87654
Rh3Si2Y1,0.26667,1.04754
Sn1V3,0.28333,1.25213
Al4Zr5,0.3,1.49216
Si2Y1,0.31667,1.7656
Cu1Ho1,0.33333,2.06289
S3Y2,0.35,2.36513
Cu1Ga2,0.36667,2.64588
Al2Ba1,0.38333,2.87723
Au1Mn2,0.4,3.03741
Co1Zr2,0.41667,3.11565
Cl2F12Pb7,0.43333,3.11257
In1Sr3,0.45,3.03704
Th1Zn4,0.46667,2.90219
Ag1Bi1K2,0.48333,2.72232
C1Ru1,0.5,2.51158
F3Mo1,0.51667,2.28376
Ge3W5,0.53333,2.05215
Cd1Cu2Zr1,0.55,1.82842
Ge1V1Zr1,0.56667,1.62128
Ge1Os1Zr1,0.58333,1.43568
Al2Mg1O4,0.6,1.27318
Al1Zr2,0.61667,1.13288
Cu1O2Sr1,0.63333,1.0126
Nb1S2Sn0.333,0.65,0.90968
As1Ni1S1,0.66667,0.82146
Ge2La1Li1,0.68333,0.74557
Au1Ca1In2,0.7,0.67996
S1Sr1,0.71667,0.62294
Cu2S1,0.73333,0.5731
Cu1Hf4P1,0.75,0.52931
Cu2Li1Si1,0.76667,0.49061
Ca1P2Rh2,0.78333,0.45625
Nb1Ru1Sb1,0.8,0.42558
Te1Th1,0.81667,0.39809
Pd1Sn1,0.83333,0.37335
Mn1Ni1Sb1,0.85,0.35099
Ru2Tb1,0.86667,0.3307
Fe1Nb1Sb1,0.88333,0.31224
Pd3Sn1,0.9,0.29538
Mn1P1Zr1,0.91667,0.27993
P3Ru1,0.93333,0.26574
Au2Be1,0.95,0.25267
C2Co1Ho1,0.96667,0.2406
Ho2Ni1Sn6,0.98333,0.22943
Er4Fe1Ga12,1,0.21906
Al2S4Zn1,1.01667,0.20943
C1In1Zr2,1.03333,0.20045
C1Na4O4,1.05,0.19207
Cu1Hf1Hg2,1.06667,0.18424
Ba2Sn1,1.08333,0.1769
Au1Yb1,1.1,0.17001
Cr1Er1O4,1.11667,0.16355
C1Lu3Sn1,1.13333,0.15746
Nb1Zn3,1.15,0.15173
Br8Li6Mg1,1.16667,0.14632
Al1C1Ho3,1.18333,0.1412
La1Pd2Sb2,1.2,0.13637
Cs1F3Pb1,1.21667,0.13179
As1C1Nb2,1.23333,0.12745
Ba1Pd1Si1,1.25,0.12333
Si1Sn1,1.26667,0.11942
Mn2O7Y2,1.28333,0.1157
Na1O3Sb1,1.3,0.11215
Rh5Y1,1.31667,0.10878
Cu1Ge6Ho2,1.33333,0.10556
Cs2F6Si1,1.35,0.10249
Cu1I1,1.36667,0.09955
Cu5Nd1,1.38333,0.09675
Mg5Pd10Si16,1.4,0.09407
Mo1Si2,1.41667,0.0915
As2Zr1,1.43333,0.08904
Ba2Si46,1.45,0.08668
Cu1Pd1,1.46667,0.08442
Ca4Hg9,1.48333,0.08225
B7W1Y3,1.5,0.08016
Au2Ge2Th1,1.51667,0.07815
In3La1,1.53333,0.07623
O7Pt2Tl2,1.55,0.07437
La1Sb2,1.56667,0.07259
Ga1Pt1Zr1,1.58333,0.07087
K2Se1,1.6,0.06921
Pt2Y1,1.61667,0.06761
Os1Te2,1.63333,0.06607
Si1Tc1,1.65,0.06458
Ag1Cu4Er1,1.66667,0.06314
Pd1Zr2,1.68333,0.06176
Ge1Hf1Pt1,1.7,0.06041
Er1Tl1,1.71667,0.05912
Ce1Os2,1.73333,0.05786
Au2Nb3,1.75,0.05665
O3Se1Sr1,1.76667,0.05548
Ag1F3K1,1.78333,0.05434
As1Sr2,1.8,0.05324
Re1Si1Ti1,1.81667,0.05217
La1Mg1Ni4,1.83333,0.05113
Ir1W1,1.85,0.05013
Ce1Te1,1.86667,0.04916
Se2Th1,1.88333,0.04821
Ir3Sc1,1.9,0.04729
Ag1C2K1,1.91667,0.0464
Co2Ga1Ti1,1.93333,0.04554
Ag2Al1Sc1,1.95,0.0447
As1Pd1Se1,1.96667,0.04388
S1Ti1,1.98333,0.04308
Cs1O2Y1,2,0.04231
Ho1Zn2,2.01667,0.04156
Br3Ga1La3,2.03333,0.04083
O1S1Zr1,2.05,0.04012
Ge1S2,2.06667,0.03943
Hf1Ru3,2.08333,0.03875
Ir3Sn7,2.1,0.03809
Ba1Ge2P2,2.11667,0.03745
B6Hf3Ni20,2.13333,0.03683
Ho1,2.15,0.03622
S1Se1,2.16667,0.03563
Al1Bi1,2.18333,0.03505
Cu1Ni2Sb1,2.2,0.03449
Pb3U1,2.21667,0.03394
La3Ru4Sn13,2.23333,0.0334
Cr1Nb1P1,2.25,0.03288
S1,2.26667,0.03236
Au1Si1Y1,2.28333,0.03186
Br3Cs1Mg1,2.3,0.03138
Mg2Zn11,2.31667,0.0309
Si1Y1,2.33333,0.03043
Bi1Rh1S1,2.35,0.02998
Ca1O3Tc1,2.36667,0.02953
Mn1Na1O2,2.38333,0.0291
Ca1Zn1,2.4,0.02868
Ag2Er1,2.41667,0.02826
Ag1Ca1Sb1,2.43333,0.02785
Au1S1Ta5,2.45,0.02746
B6Ce2Ni21,2.46667,0.02707
Al1C1Y3,2.48333,0.02669
As2Dy2Ni1,2.5,0.02631
Au2Yb1,2.51667,0.02595
Ge2La1Pd2,2.53333,0.02559
B2Sc1,2.55,0.02524
Er5Ge3,2.56667,0.0249
F6K2Mn1,2.58333,0.02456
Cs2I6Pt1,2.6,0.02424
K5Te3,2.61667,0.02391
P1Pu1,2.63333,0.0236
Au1Ca2N1,2.65,0.02329
Mg1Te2,2.66667,0.02299
Al3Zr1,2.68333,0.02269
Hg1Se1,2.7,0.0224
N3Rh1,2.71667,0.02211
B1Be2,2.73333,0.02183
Ni1Sn1U1,2.75,0.02156
Te2Y1,2.76667,0.02129
O7Tb2Ti2,2.78333,0.02102
Cs3Hg20,2.8,0.02076
Li1Pb1Pd2,2.81667,0.02051
Ge3N4,2.83333,0.02026
Os2Y1,2.85,0.02001
Mo3P1,2.86667,0.01977
Ge3Mo5,2.88333,0.01954
Mg1Se2,2.9,0.0193
Au1Ge1Tb1,2.91667,0.01908
Al5C3N1,2.93333,0.01885
C1In1Ti2,2.95,0.01863
Br1,2.96667,0.01842
Ge1Mn1Rh1,2.98333,0.0182
C1Ru3Ta1,3,0.01799
Mn1Te1,3.01667,0.01779
As2Hg1O6,3.03333,0.01759
Br6K2Te1,3.05,0.01739
Ga2Mg1O4,3.06667,0.01719
Ce1Os4P12,3.08333,0.017
B2Ba1Rh2,3.1,0.01681
As1Mn1Pd2,3.11667,0.01663
Al1Y3,3.13333,0.01645
Ga2S4Sr1,3.15,0.01627
H2Tb1,3.16667,0.01609
Pd2Ta1,3.18333,0.01592
Rh1V3,3.2,0.01575
F10K1Y3,3.21667,0.01558
Hf5Sn4,3.23333,0.01542
As4Ca3In2,3.25,0.01525
In1Zr3,3.26667,0.01509
Ca1O4Pd3,3.28333,0.01494
Os1P1Zr1,3.3,0.01478
K2S1,3.31667,0.01463
Cu1F4Sr1,3.33333,0.01448
Er1Ru2Si2,3.35,0.01433
Al1N3Ta4,3.36667,0.01419
Fe1Si1Tb1,3.38333,0.01404
Pd1Sb1Se1,3.4,0.0139
As2Ru1,3.41667,0.01376
Ba8Si46,3.43333,0.01363
Pd2Si2Sr1,3.45,0.01349
Ir3Zr5,3.46667,0.01336
Mg1Pd2Tb2,3.48333,0.01323
Bi2Ho6Rh1,3.5,0.0131
B12Sc1,3.51667,0.01297
Al20Ti2Yb1,3.53333,0.01285
Hg1Mg1,3.55,0.01272
Ge1P2Zn1,3.56667,0.0126
C1Pu1Ru3,3.58333,0.01248
La2O3,3.6,0.01236
H7Th1Zr2,3.61667,0.01225
Be1Ti1,3.63333,0.01213
Co4Ge13Tb3,3.65,0.01202
Zr1,3.66667,0.01191
Fe1Se2,3.68333,0.0118
Cs1K2Sb1,3.7,0.01169
B1Ni4Tb1,3.71667,0.01158
Ba1Br1H1,3.73333,0.01148
Au1Zn3,3.75,0.01137
Er1Ge1Rh1,3.76667,0.01127
Cr1N1,3.78333,0.01117
Ir1Si1Y1,3.8,0.01107
In2Mn1S4,3.81667,0.01097
Hg2Pt1,3.83333,0.01087
Rh1Si1Ti1,3.85,0.01078
Cu1Dy1Sn1,3.86667,0.01068
Er4Ge6Os7,3.88333,0.01059
Ni1S1,3.9,0.0105
Ge13Ru4Tb3,3.91667,0.01041
F2Mg1,3.93333,0.01032
Li2Mg1Si1,3.95,0.01023
Re3Ru1,3.96667,0.01014
Au2V1,3.98333,0.01005
Co1P2W1,4,0.00997
Cd2O4Si1,4.01667,0.00988
Ga1Ir1,4.03333,0.0098
Ag1As1S1,4.05,0.00972
N1Na1,4.06667,0.00964
Hf3P2,4.08333,0.00956
S1Y1,4.1,0.00948
Ca1Cd2P2,4.11667,0.0094
Er4Sb3,4.13333,0.00932
Gd1Se1,4.15,0.00925
Be1C1N2,4.16667,0.00917
Al2B2Ru3,4.18333,0.0091
Ca1Te1,4.2,0.00903
Au1Cd1Sb1,4.21667,0.00895
Br6K2Re1,4.23333,0.00888
Mo3Si2,4.25,0.00881
Hg2O7Sb2,4.26667,0.00874
O7P2Sn1,4.28333,0.00867
C1Sn1Y3,4.3,0.0086
O6Ta2V1,4.31667,0.00854
Pd1Sc2,4.33333,0.00847
Li1Tl1,4.35,0.0084
C1Tc1,4.36667,0.00834
Pt1Th1,4.38333,0.00827
Ag2Yb1,4.4,0.00821
Au3Ca5,4.41667,0.00815
Mg1Y1,4.43333,0.00809
Ga2O6Te1,4.45,0.00802
Ge8Na6Pt8,4.46667,0.00796
Ge2Ir2La1,4.48333,0.0079
Cl1Cu1,4.5,0.00784
Ag1F3Rb1,4.51667,0.00779
Ba1Ru2Sb2,4.53333,0.00773
Er4In1Ir1,4.55,0.00767
Cd11Th1,4.56667,0.00761
C1V2,4.58333,0.00756
B2W1,4.6,0.0075
Ag1Ba1P1,4.61667,0.00745
C1Mn3Sn1,4.63333,0.00739
Li1Na1Te1,4.65,0.00734
Al2Dy3,4.66667,0.00729
Cu7Zn16Zr6,4.68333,0.00723
Cs1F3Yb1,4.7,0.00718
Ba1Li1Sb1,4.71667,0.00713
Cd1Mg1,4.73333,0.00708
O4Pr1V1,4.75,0.00703
C2U1,4.76667,0.00698
Cu1In1Se2,4.78333,0.00693
Ir1Si3U1,4.8,0.00688
Co1Sn1Th1,4.81667,0.00683
Cl4Cu1Rb2,4.83333,0.00679
As1Cr1Ni1,4.85,0.00674
Ru1Sc1,4.86667,0.00669
Ga4Nb5,4.88333,0.00665
Ir1Nb3,4.9,0.0066
Ho2Mg1Se4,4.91667,0.00656
In1Ni2Tb2,4.93333,0.00651
O1.03Sc1,4.95,0.00647
Li4O4Pb1,4.96667,0.00642
O1Pb1Sr3,4.98333,0.00638
Hg1Sr3,5,0.00634
Cd1Ge1Sr1,0,0
Au1Ba1Sb1,0.01667,0.00458
Dy1Pd2Si2,0.03333,0.01819
Pt1Y1,0.05,0.04043
Ca2Ge1,0.06667,0.07057
N1Pu1,0.08333,0.1077
Ga1La3,0.1,0.15114
F3Rb1Yb1,0.11667,0.20093
Mn2Te4Zn1,0.13333,0.25824
Ho1Si1Ti1,0.15,0.32505
Pd3V1,0.16667,0.40322
Er1Ir1Sn1,0.18333,0.49367
Sn1Sr2,0.2,0.59645
Hf1Ni1P1,0.21667,0.71188
La3Sn1,0.23333,0.84177
Pd1Sc1Sn1,0.25,0.98951
Au2Dy1In1,0.26667,1.15891
Al1Au1Ca1,0.28333,1.35204
Ni1Sb1Sc1,0.3,1.56648
Ca1Sn3,0.31667,1.79324
Ca1O3Rh1,0.33333,2.01728
B1Ir1Mg1,0.35,2.22067
Ga3Rb1,0.36667,2.3864
Cs1I3Sn1,0.38333,2.50136
Ir2Mg1,0.4,2.55774
Au1K1Se1,0.41667,2.55325
Ge1Ir1Mn3,0.43333,2.49046
Ni1Si3Sr1,0.45,2.37601
Er1Ga3Ru1,0.46667,2.22004
Ge13Os4Tb3,0.48333,2.03578
La1Os2Si2,0.5,1.83803
Ir1Mo1,0.51667,1.64077
Sn2Y1,0.53333,1.45482
Pb3Pr1,0.55,1.28674
As1Au1Ba1,0.56667,1.13906
O7P2Zr1,0.58333,1.0115
O3W1,0.6,0.90225
Ag8Ca3,0.61667,0.8089
Be1Pd2,0.63333,0.72903
Mn2O3Ta1,0.65,0.66046
In1Rh1Tb4,0.66667,0.6013
Ge1O3Pb1,0.68333,0.54997
Au1Rb1Te1,0.7,0.5052
Au3La3Sb4,0.71667,0.46592
Bi1Ho2O2,0.73333,0.43128
O3Re1,0.75,0.40056
As1Ca1Rb1,0.76667,0.3732
Cd1Ho1,0.78333,0.34871
Ag1Ga1O2,0.8,0.32669
Sb3Sr5,0.81667,0.30682
Pd1Sn1Y1,0.83333,0.28882
Ba1Cu2Sb2,0.85,0.27245
Mn1Pb1Rh2,0.86667,0.25753
B1Pt1,0.88333,0.24386
Ti2Zn1,0.9,0.23133
Al4Ni1Tb1,0.91667,0.21979
B2C2Gd1,0.93333,0.20914
Ru2Si2Y1,0.95,0.1993
Er1Hg3,0.96667,0.19018
P1Pt1Y1,0.98333,0.1817
Ag1La1,1,0.17381
C1Hf3Zn3,1.01667,0.16645
As2Cs1Rh2,1.03333,0.15957
N1Nb4Ni2,1.05,0.15314
La4Sb3,1.06667,0.1471
Ba3Cr1N3,1.08333,0.14144
N2U1,1.1,0.13611
Ge1V3,1.11667,0.13109
Al3Ru2,1.13333,0.12636
Al1K1Te2,1.15,0.12189
Be1Hf1,1.16667,0.11767
Ag1Bi1Ca1,1.18333,0.11367
O1Se1Th1,1.2,0.10988
Ge3Ir2S3,1.21667,0.10629
Li1Pt2,1.23333,0.10288
Hf1Ir3,1.25,0.09963
Al1Cu2Re2,1.26667,0.09655
Cs1I2Li1,1.28333,0.09361
Mo1P1,1.3,0.09081
Au1K3O1,1.31667,0.08814
Be1Ni1,1.33333,0.08559
Cu2Dy2In1,1.35,0.08315
Ir4Sn13Yb3,1.36667,0.08082
Ti1,1.38333,0.07859
Hf1,1.4,0.07645
Co1Nb1Sb1,1.41667,0.0744
Mg2Pt1Si1,1.43333,0.07244
Cr1F4Sr1,1.45,0.07055
Pd1Tb1,1.46667,0.06875
Er1Sn2,1.48333,0.06701
Ag1Ge1La1,1.5,0.06534
Bi2Er6Mn1,1.51667,0.06373
Pd2Si3Y3,1.53333,0.06218
Ag3Pt1,1.55,0.0607
P1Tl1,1.56667,0.05926
C1H1,1.58333,0.05788
Ba6Mg23,1.6,0.05654
As2Cu1Er1,1.61667,0.05526
Be5Pt1,1.63333,0.05402
Ac1H2,1.65,0.05282
Ho2O3,1.66667,0.05166
Nb1Pd1Si1,1.68333,0.05054
Ni1P1,1.7,0.04945
Ba1Mo3Se3,1.71667,0.04841
B2Dy1Os1,1.73333,0.04739
As1Hg1K1,1.75,0.04641
Er5Si3,1.76667,0.04546
Cu4Mg1Sn1,1.78333,0.04454
Rh1Si3Tb1,1.8,0.04365
Er1Ga2Ni1,1.81667,0.04278
Al1C1Dy3,1.83333,0.04194
Cu1Te2,1.85,0.04113
C1La3Pb1,1.86667,0.04034
Au3Cu1,1.88333,0.03957
Ho4In1Ir1,1.9,0.03883
Cd1Tb1,1.91667,0.0381
C1In1Sc3,1.93333,0.0374
Al1C1Sc3,1.95,0.03672
Al1F4Na1,1.96667,0.03605
Hf1W2,1.98333,0.0354
Mn1Nb1P1,2,0.03478
F6Rb2Si1,2.01667,0.03416
Y6Zn23,2.03333,0.03357
Na6O9S2,2.05,0.03299
Sn1Ta3,2.06667,0.03242
Ru1Ta1,2.08333,0.03187
H6Os1Sr2,2.1,0.03134
Ge6Ir7Mn4,2.11667,0.03082
Cu2In1Zr1,2.13333,0.03031
Pt1Sb1Y1,2.15,0.02981
C1Pd1,2.16667,0.02933
Al8Dy1Mn4,2.18333,0.02886
Ag1Pt5Si1,2.2,0.02839
F3Na1Ni1,2.21667,0.02795
Cr1K1O2,2.23333,0.02751
Mg2Th1,2.25,0.02708
Ba1Mg4Si3,2.26667,0.02666
Cs1F3Mg1,2.28333,0.02625
Cu1Tb1,2.3,0.02585
Ga2Pb1Se4,2.31667,0.02546
B2Fe1,2.33333,0.02508
In14K3Mg20,2.35,0.02471
Cu1Hg2Zr1,2.36667,0.02435
Al1N1Tb3,2.38333,0.02399
Ag1Dy1Pb1,2.4,0.02364
F2Kr1,2.41667,0.0233
Cs1I3Pb1,2.43333,0.02297
Mg1O3V1,2.45,0.02264
Al1Mo3,2.46667,0.02232
Bi3Sr4,2.48333,0.02201
Ho1In1Zn1,2.5,0.02171
O7Sn2Tb2,2.51667,0.02141
N4Zr3,2.53333,0.02111
Cr2Hg1Se4,2.55,0.02083
Ag1Dy1Sn1,2.56667,0.02055
Al4La1,2.58333,0.02027
As1Pd2,2.6,0.02
Cr2O6Te1,2.61667,0.01974
Si1V3,2.63333,0.01948
B2Tc1,2.65,0.01923
Nb5P4Pd4,2.66667,0.01898
Er1Pd3S4,2.68333,0.01873
Ga1Hf1Pd1,2.7,0.01849
Ga1Rh1,2.71667,0.01826
Cd2Yb1,2.73333,0.01803
Ge3La1Os1,2.75,0.0178
Sn2Y1Zn1,2.76667,0.01758
As1Cu3S4,2.78333,0.01736
Al1P1,2.8,0.01715
Ir1La1Si3,2.81667,0.01694
Fe6Ge6Hf1,2.83333,0.01674
Ca1Cl2,2.85,0.01653
Al3Nb1,2.86667,0.01634
Cl6K2Mn1,2.88333,0.01614
Fe1Si1,2.9,0.01595
Al1B1Be1,2.91667,0.01576
Ca3O1Pb1,2.93333,0.01558
In3Pd2,2.95,0.0154
Ga1Mn1Ni2,2.96667,0.01522
Dy1Zn1,2.98333,0.01504
Fe1Ga12Y4,3,0.01487
Ag2Sr1,3.01667,0.0147
Al1C1V2,3.03333,0.01454
Er1Ni1Sb1,3.05,0.01437
Co1Er1Ga1,3.06667,0.01421
Cd1Y1,3.08333,0.01406
Mo1O6Rh2,3.1,0.0139
As2Ca1Fe2,3.11667,0.01375
Nd1Os4P12,3.13333,0.0136
Ge1Mo3,3.15,0.01345
Dy1,3.16667,0.01331
Cu1Mn1Sb1,3.18333,0.01316
Se2Zn1,3.2,0.01302
B4Ti3,3.21667,0.01289
Ge1Ho1Sn1,3.23333,0.01275
In1La1,3.25,0.01262
Dy1Mg2,3.26667,0.01248
N1Re2Zr4,3.28333,0.01235
Ga1Se2Tl1,3.3,0.01223
C1Ga1Ho3,3.31667,0.0121
Ir1Sb1Se1,3.33333,0.01198
As2Pt1,3.35,0.01186
Cu1Ge1Zr1,3.36667,0.01174
Dy3Ge13Rh4,3.38333,0.01162
Fe1Ga1Ni2,3.4,0.0115
P1Pt1Sc1,3.41667,0.01139
Ir1Y1,3.43333,0.01127
B1Fe1W1,3.45,0.01116
Ge2Mo1,3.46667,0.01105
Au1Y2,3.48333,0.01095
Al1Li2Pt1,3.5,0.01084
Cd1Er1Ga1,3.51667,0.01073
Yb1,3.53333,0.01063
Al16Os7Sc6,3.55,0.01053
Ag1Zr2,3.56667,0.01043
O1Pb1,3.58333,0.01033
Ba3Mn1N3,3.6,0.01023
Ga3Zr1,3.61667,0.01014
Au1Li2Sb1,3.63333,0.01004
Cu3N1,3.65,0.00995
Al20La1Ti2,3.66667,0.00986
Ca1Pd2,3.68333,0.00977
Al16Ru7Sc6,3.7,0.00968
Dy4Mg1Rh1,3.71667,0.00959
Ga1Mg1Sm1,3.73333,0.0095
F3La1,3.75,0.00941
Ir3Nb1,3.76667,0.00933
Co1Ga2Zr6,3.78333,0.00925
Ba1Nb4O6,3.8,0.00916
Ho1Rh3Si2,3.81667,0.00908
Ga1Ir1Th1,3.83333,0.009
Sn6V6Y1,3.85,0.00892
Al1C1La3,3.86667,0.00885
B2Mo2Os1,3.88333,0.00877
Mg2N3P1,3.9,0.00869
Ba1O3Sn1,3.91667,0.00862
Br3Cs1Pb1,3.93333,0.00854
Dy1N1,3.95,0.00847
Ca3N1Pb1,3.96667,0.0084
Au2Si2Yb1,3.98333,0.00833
Dy1Rh2,4,0.00826
Sr1Te1,4.01667,0.00819
Bi3Tb5,4.03333,0.00812
Dy1Li1O2,4.05,0.00805
Er4Ge6Rh7,4.06667,0.00798
K1Na1S1,4.08333,0.00792
Yb3Zn11,4.1,0.00785
C1Ni3Zn1,4.11667,0.00779
Br1Cu1,4.13333,0.00772
Al3La1Pd2,4.15,0.00766
Ca1Sn1Zn1,4.16667,0.0076
Ca1Ir2,4.18333,0.00754
Ge1O6Se2,4.2,0.00748
B1N1,4.21667,0.00742
Ca1Ge1Zn1,4.23333,0.00736
Ce1Ir2,4.25,0.0073
Au1Dy1In1,4.26667,0.00724
Dy1Re2,4.28333,0.00718
O1Pd2,4.3,0.00713
Pd1Si1Sr1,4.31667,0.00707
La1Pt3,4.33333,0.00702
Bi1Sc1,4.35,0.00696
Nd1P1,4.36667,0.00691
Hg1Li1,4.38333,0.00686
Ni2O4Si1,4.4,0.0068
Ho2O7Sn2,4.41667,0.00675
Ba1Cd2,4.43333,0.0067
O2Si1,4.45,0.00665
N1Tl1,4.46667,0.0066
Hf1Rh1Sn1,4.48333,0.00655
Er1Ir2,4.5,0.0065
Dy3Pt1,4.51667,0.00645
N4Ta2,4.53333,0.0064
Al1Pd1Th1,4.55,0.00636
Au1Hf1,4.56667,0.00631
Ce1Pd1Sb2,4.58333,0.00626
C1Ni2Ta4,4.6,0.00622
Nb5O9Sr2,4.61667,0.00617
Mn1S1,4.63333,0.00613
P1Sr1,4.65,0.00608
Al2Hf6Pt1,4.66667,0.00604
Pd2Si2U1,4.68333,0.00599
O4S1Zn1,4.7,0.00595
As1Ho1,4.71667,0.00591
Er1Pt3,4.73333,0.00587
Bi1Rb3,4.75,0.00583
Al2Co1O4,4.76667,0.00578
Pt1Zr2,4.78333,0.00574
Ga1Mg1Y1,4.8,0.0057
Al7Th2,4.81667,0.00566
Bi1Li1,4.83333,0.00562
Hf1Ir1Si1,4.85,0.00558
Co1La1Si3,4.86667,0.00555
N1Nb1,4.88333,0.00551
C1Hf1,4.9,0.00547
P1W3,4.91667,0.00543
Ga3Hf5,4.93333,0.0054
Co2Sn1Zr1,4.95,0.00536
Ca1F2,4.96667,0.00532
Bi1Fe1O3,4.98333,0.00529
Nb3Te4,5,0.00525
Ca1Si3,0,0
Ge1Mn1,0.01667,0.00396
Ho1Ru2Si2,0.03333,0.01578
B4Ir3Zr1,0.05,0.03518
O4Si1Zn2,0.06667,0.0618
P2Si1,0.08333,0.09542
Pd3Tb1,0.1,0.13626
Ho1Pt1Sb1,0.11667,0.18512
Er1Pd2Si2,0.13333,0.24295
Li1Nb1O2,0.15,0.31036
Ga2Hg1Te4,0.16667,0.38728
Ge3Ta5,0.18333,0.47315
B8Nb7Ru6,0.2,0.56793
Ba2O4Zr1,0.21667,0.67333
Hf1Ni2Sn1,0.23333,0.79331
Gd2O7Zr2,0.25,0.93372
Cd1Ho2S4,0.26667,1.10166
Ge1,0.28333,1.30451
Gd1Hg1,0.3,1.54725
Ir3Ta1,0.31667,1.82788
Pd3Y1,0.33333,2.13255
Ga2Zr3,0.35,2.43376
Ir2U1,0.36667,2.69576
Cu4In1Tb1,0.38333,2.88661
Ba3O1Pb1,0.4,2.98907
Cu1Ga1S2,0.41667,3.00244
Gd1O1,0.43333,2.93722
Cl3Cs1Pb1,0.45,2.809
B6Os1Y2,0.46667,2.63458
Al2Se4Sr1,0.48333,2.43027
Cd1O3V1,0.5,2.21108
Si3Sr5,0.51667,1.99013
Dy1O4V1,0.53333,1.77792
Ba1Cl2,0.55,1.58174
Ag1As1Ca1,0.56667,1.40545
Rh3Zr1,0.58333,1.24997
Au1Cd1,0.6,1.11438
Ag1Cl1,0.61667,0.9969
C1Ga1Y3,0.63333,0.89546
B1La1Pt2,0.65,0.80798
B7Mn1Y3,0.66667,0.73248
Cl6K2Tc1,0.68333,0.66713
Cd1Yb1,0.7,0.61035
Be1O1,0.71667,0.56078
O1Pb1Yb3,0.73333,0.51727
Ag1K1O1,0.75,0.4789
Hf1Os1Si1,0.76667,0.44487
Ag8Ca19N7,0.78333,0.41456
B6Ni20Sc3,0.8,0.38743
Ca1In1,0.81667,0.36305
Cr2Mn1O4,0.83333,0.34104
Ca1Mn1O3,0.85,0.3211
Ca1Ir1Si3,0.86667,0.30296
In1Mn1Pd2,0.88333,0.28642
Ir1Te2,0.9,0.27129
Ir1Pb1,0.91667,0.25739
Re1Ti2,0.93333,0.2446
Cu1Sb1Se2,0.95,0.23281
Ru5Si3,0.96667,0.22189
As1Ni1,0.98333,0.21177
Pb3Yb1,1,0.20237
Be1Co1,1.01667,0.19362
Ba1Pd1Sn3,1.03333,0.18545
Bi1Y1,1.05,0.17782
Ag1Al1Te2,1.06667,0.17068
H1Si3Y5,1.08333,0.16398
Ba3Bi1N1,1.1,0.1577
Mg1Ni2Sb1,1.11667,0.15178
Be1Rh1,1.13333,0.14621
Ag1Co1O2,1.15,0.14095
Hg2Y1,1.16667,0.13599
Cs2H4Mg1,1.18333,0.1313
N1Tc3,1.2,0.12686
Ca1Pt1Si1,1.21667,0.12265
Bi2O2Se1,1.23333,0.11865
Te1U1,1.25,0.11486
Li2Pd1,1.26667,0.11126
P4Ru1,1.28333,0.10782
B1S3Tb1,1.3,0.10456
C8Cs1,1.31667,0.10144
Al2Mg1,1.33333,0.09847
Au1Th1,1.35,0.09563
Cu3Se2,1.36667,0.09292
Li2O5Si2,1.38333,0.09033
Ag1Mn3N1,1.4,0.08784
Au1Sb2,1.41667,0.08546
Al1Ho3N1,1.43333,0.08319
Si1Sn3Zr5,1.45,0.081
Ge1Ho1Ir1,1.46667,0.0789
Rh2Y1,1.48333,0.07689
Cl4Pd1Tl2,1.5,0.07495
Mn1S4Sc2,1.51667,0.07309
Mg1O3Si1,1.53333,0.0713
K3Sb1Se3,1.55,0.06958
Cd1Pd1,1.56667,0.06792
Ag1Cu4Nd1,1.58333,0.06632
Ho1Pt2Si1,1.6,0.06478
Al18Mg3Ta2,1.61667,0.06329
Ag1Ge1Tb1,1.63333,0.06186
F6V1Zr1,1.65,0.06048
Fe1Te2Zr6,1.66667,0.05914
Mg2Pt1,1.68333,0.05785
Ag1,1.7,0.0566
C1Pa1,1.71667,0.05539
Pd2Si2Th1,1.73333,0.05422
Ga1Hf1Ni2,1.75,0.05309
Co1Ta1,1.76667,0.052
F4K2Zn1,1.78333,0.05094
Bi2O3,1.8,0.04991
Pb1Pd3,1.81667,0.04891
Cu4Hf3Si2,1.83333,0.04795
Cu1La1Pb1,1.85,0.04701
Ga1Ni3,1.86667,0.0461
Au2Ho1Si2,1.88333,0.04522
Na1Nb1Se2,1.9,0.04436
Hf1O3Sr1,1.91667,0.04353
Au3Sr7,1.93333,0.04272
Au2Dy1,1.95,0.04194
Au1Bi1Li2,1.96667,0.04117
Pt3Sc1,1.98333,0.04043
Al3Er1,2,0.03971
B1C7,2.01667,0.03901
As1Zn1,2.03333,0.03832
Li1O3Sb1,2.05,0.03766
Cu6O10Sr4,2.06667,0.03701
H2Ho1,2.08333,0.03638
Co2Sc1Sn1,2.1,0.03577
B6K1,2.11667,0.03517
Hf1Ni2,2.13333,0.03458
Dy1Hg1,2.15,0.03401
N1Tc1,2.16667,0.03346
C1Fe6W6,2.18333,0.03292
Ba1Cu3O4,2.2,0.03239
Gd1O4V1,2.21667,0.03188
Al1Mn1Rh2,2.23333,0.03137
Cu7Hf6Zn16,2.25,0.03088
Al18Mg3W2,2.26667,0.0304
Ga1Zr2,2.28333,0.02994
As1Th1,2.3,0.02948
Cd2O7Sb2,2.31667,0.02903
B2Be1C2,2.33333,0.0286
Ti1Y1,2.35,0.02817
Ru9Sb8Zn7,2.36667,0.02775
Re1Si1,2.38333,0.02735
Ho1In1Pt4,2.4,0.02695
S2Ti1,2.41667,0.02656
Lu1Pt3,2.43333,0.02618
Ag2Ba1Te2,2.45,0.02581
Cr1S1,2.46667,0.02544
Ba1O3Pb1,2.48333,0.02508
Ni3Sb1,2.5,0.02473
Dy4In1Rh1,2.51667,0.02439
Hf1Pd3,2.53333,0.02406
Ru1Si2,2.55,0.02373
Hf5Si3,2.56667,0.02341
Al1Au2Hf1,2.58333,0.02309
Cd1O3Sn1,2.6,0.02279
Pd3S4Y1,2.61667,0.02248
Cl8Li6V1,2.63333,0.02219
As2Ca2Cd1,2.65,0.0219
Hg1S1,2.66667,0.02161
Bi1Ho1Pt1,2.68333,0.02134
Dy2In1,2.7,0.02106
Co1Nb1P1,2.71667,0.02079
Cu1Dy2Ge6,2.73333,0.02053
Hg1Sn1Yb1,2.75,0.02027
Al1N1Zr2,2.76667,0.02002
Yb1Zn1,2.78333,0.01977
Al1Dy1Zn1,2.8,0.01953
Au1Sb1Yb1,2.81667,0.01929
O2Os1,2.83333,0.01905
Pb1V3,2.85,0.01882
Cd1Cs1F3,2.86667,0.0186
Dy1In1Zn1,2.88333,0.01838
Co1K1O2,2.9,0.01816
Ho1P2Ru2,2.91667,0.01794
N2Ta1,2.93333,0.01773
Pt1Zn1,2.95,0.01753
Ce1Se1,2.96667,0.01732
Au1Ge1Ho1,2.98333,0.01712
Ge6Ho4Ir7,3,0.01693
Ba1Ca1Ge1,3.01667,0.01674
Co1Dy1Sn1,3.03333,0.01655
Ga1Li1S2,3.05,0.01636
As1Tl1,3.06667,0.01618
Hf2Ni2Sn1,3.08333,0.016
Cu1Er1Sn1,3.1,0.01582
Au1Dy1Ge1,3.11667,0.01565
Er1S2,3.13333,0.01548
Sb4Ta5,3.15,0.01531
Ge7Hf6Ni16,3.16667,0.01514
Ca1Pt1Sn1,3.18333,0.01498
Co1Zr1,3.2,0.01482
Dy3Ga1O6,3.21667,0.01466
Ru2Sb2Sr1,3.23333,0.01451
Ge4Y3,3.25,0.01435
C1Ir1,3.26667,0.0142
Au1Er1,3.28333,0.01406
Ag1O2Y1,3.3,0.01391
Er1In1Pt4,3.31667,0.01377
Ca1Ga2P2,3.33333,0.01363
Bi1Er1Pt1,3.35,0.01349
Cd1P2Sn1,3.36667,0.01335
Er3Pd8Sb4,3.38333,0.01322
Ge2La1Ni1,3.4,0.01308
Ga1Pd1,3.41667,0.01295
Er1Ge2Rh2,3.43333,0.01283
Ca1Pd1Sn2,3.45,0.0127
Cu1Rh2Se4,3.46667,0.01257
O1V1,3.48333,0.01245
Er3Os1,3.5,0.01233
S2Ta3,3.51667,0.01221
Ir4La3Sn13,3.53333,0.01209
K8Sn46,3.55,0.01198
Os1S2,3.56667,0.01186
Pd3Yb1,3.58333,0.01175
Mg1Y1Zn1,3.6,0.01164
Cu1Ge1Hf1,3.61667,0.01153
Cr3Si1,3.63333,0.01142
Hg1Pb1Sr1,3.65,0.01131
Ru3Sn7,3.66667,0.01121
La5Si3,3.68333,0.01111
B2Mo2Nb1,3.7,0.011
B2V1,3.71667,0.0109
La3Sn7,3.73333,0.0108
Mn1V1,3.75,0.01071
B1Mg8Rh4,3.76667,0.01061
Mg1P1Pt5,3.78333,0.01052
C2Co1Sc1,3.8,0.01042
Er1Si2,3.81667,0.01033
Mn1Se3Th1,3.83333,0.01024
C1Ti2Tl1,3.85,0.01015
As2Ca1Ru2,3.86667,0.01006
Bi1Er5Pt2,3.88333,0.00997
Ba1In2,3.9,0.00988
Al2Cd1O4,3.91667,0.0098
Hg1Ti3,3.93333,0.00971
In2Li1Rh1,3.95,0.00963
Al3Hf5N1,3.96667,0.00955
Al4Co1La1,3.98333,0.00947
Ca1F3Rb1,4,0.00939
C1Y1,4.01667,0.00931
Os3Sn7,4.03333,0.00923
O4Pd2Y1,4.05,0.00915
Cd1Cl3Cs1,4.06667,0.00908
Au1Dy2,4.08333,0.009
B2Ru1,4.1,0.00893
C1Dy3Sn1,4.11667,0.00885
Pt1Sn1,4.13333,0.00878
Bi1Ir1S1,4.15,0.00871
Tb1Te1,4.16667,0.00864
Ag2Na1,4.18333,0.00857
Cu1Mg1P1,4.2,0.0085
Dy1Sn3,4.21667,0.00843
Cd1Er1Ni4,4.23333,0.00836
Dy1Te1,4.25,0.0083
Ho1P1,4.26667,0.00823
Be3P2,4.28333,0.00817
Ga1Ir1Y1,4.3,0.0081
B2C2Mg1,4.31667,0.00804
Ru1Tb3,4.33333,0.00798
Dy3Ru1,4.35,0.00791
In1Rh1Tb1,4.36667,0.00785
B1Li3N2,4.38333,0.00779
Au1C2Li1,4.4,0.00773
Ca2O4Sn1,4.41667,0.00767
Fe1Nb1P1,4.43333,0.00762
Pt1Ti3,4.45,0.00756
Cs1,4.46667,0.0075
Au1Cu4Tb1,4.48333,0.00744
Pb1Pt3,4.5,0.00739
K3Sb1,4.51667,0.00733
C1Ni2W4,4.53333,0.00728
Ag1Hf1,4.55,0.00722
C2Gd1Mo1,4.56667,0.00717
As2Cd1Si1,4.58333,0.00712
Li1P1Zn1,4.6,0.00707
Tb3Tl5,4.61667,0.00701
Ag1Sn1Tb1,4.63333,0.00696
Ca1Rh2,4.65,0.00691
Ag1Mg1Sb1,4.66667,0.00686
Ni1O6Sb2,4.68333,0.00681
K1Nb1Se2,4.7,0.00676
Cl4K2Mg1,4.71667,0.00672
Ag1F1,4.73333,0.00667
P1Sb1Zr2,4.75,0.00662
Lu2Mg1S4,4.76667,0.00657
Ca1O3Pt1,4.78333,0.00653
S3Th2,4.8,0.00648
Br3Ca1In1,4.81667,0.00644
In1N1Sc3,4.83333,0.00639
S4Sc2Zn1,4.85,0.00635
Ni1Pt1,4.86667,0.0063
Al1Li2Rh1,4.88333,0.00626
B3C1Nb3,4.9,0.00622
Ge2Rh2Tb1,4.91667,0.00617
Ba1Pt1Sb1,4.93333,0.00613
Cr1F3K1,4.95,0.00609
Au2Sn1U1,4.96667,0.00605
Li1Si1Y1,4.98333,0.00601
Dy1Rh2Si2,5,0.00597
